Category,Subcategory,Name,Scientific name,Life list date,Life list location,CA obsv (RG 7.3.24),Bay obsv (RG 7.3.24),Bay peak month,Notes
Butterflies,Milkweed Butterflies,Monarch,Danaus plexippus,2023-07-25,US-CA,"38,603","13,379",,
Butterflies,Checkerspots & Anglewings,Painted Lady,Vanessa cardui,2023-04-23,US-CA,"17,956","5,812",,
Butterflies,Checkerspots & Anglewings,Gray Buckeye,Junonia grisea,2023-07-25,US-CA,"16,171","8,516",,
Butterflies,Grass Skippers,Fiery Skipper,Hylephila phyleus,2023-07-28,US-CA,"15,749","4,952",,
Butterflies,Whites,Cabbage White,Pieris rapae,2023-07-27,US-CA,"13,503","5,278",,
Butterflies,Fritillaries & Longwings,Gulf Fritillary,Dione vanillae,2024-05-20,US-CA,"12,867","5,169",,
Butterflies,Checkerspots & Anglewings,Variable Checkerspot,Euphydryas chalcedona,2023-06-12,US-CA,"12,629","7,833",,
Butterflies,Swallowtails,Anise Swallowtail,Papilio zelicaon,2023-04-15,US-CA,"11,543","7,533",,
Butterflies,Checkerspots & Anglewings,Mourning Cloak,Nymphalis antiopa,2023-07-28,US-CA,"11,023","1,793",,
Butterflies,Swallowtails,Western Tiger Swallowtail,Papilio rutulus,2023-07-27,US-CA,"11,006","4,374",,
Butterflies,Grass Skippers,Umber Skipper,Lon melane,2023-07-29,US-CA,"10,592","5,801",,
Butterflies,Hairstreaks,Gray Hairstreak,Strymon melinus,2023-07-28,US-CA,"9,920","3,417",,
Butterflies,Admirals & Allies,California Sister,Adelpha californica,2023-08-04,US-CA,"9,635","3,587",,
Butterflies,Blues,Acmon Blue,Icaricia acmon,2023-07-27,US-CA,"9,632","4,718",,
Butterflies,Swallowtails,Pipevine Swallowtail,Battus philenor,2023-05-09,US-AZ,"8,377","5,768",,
Butterflies,Checkerspots & Anglewings,Red Admiral,Vanessa atalanta,2023-07-29,US-CA,"7,884","4,412",,
Butterflies,Checkerspots & Anglewings,West Coast Lady,Vanessa annabella,2023-07-29,US-CA,"6,906","3,182",,
Butterflies,Admirals & Allies,Lorquin's Admiral,Limenitis lorquini,2023-08-05,US-CA,"6,811","2,712",,
Butterflies,Blues,Marine Blue,Leptotes marina,2023-07-28,US-CA,"6,735",12,,
Butterflies,"Satyrs, Morphos, & Allies",Common Ringlet,Coenonympha california,2023-08-22,US-CA,"6,612","4,374",,
Butterflies,Swallowtails,Pale Swallowtail,Papilio eurymedon,2023-07-23,US-CA,"5,974","1,324",,
Butterflies,Checkerspots & Anglewings,Mylitta Crescent,Phyciodes mylitta,2023-07-25,US-CA,"5,901","3,647",,
Butterflies,Whites,Checkered White,Pontia protodice,2023-07-28,US-CA,"5,218",557,,
Butterflies,Blues,Western Pygmy-Blue,Brephidium exilis,2023-08-22,US-CA,"5,038","1,081",,
Butterflies,Checkerspots & Anglewings,California Tortoiseshell,Nymphalis californica,2024-02-11,US-CA,"4,964","2,103",,
Butterflies,Blues,Echo Azure,Celastrina echo,2024-01-11,MX-JAL,"4,922","2,408",,
Butterflies,Swallowtails,Western Giant Swallowtail,Heraclides rumiko,#N/A,,"4,922",0,,LA/San Diego
Butterflies,Yellows & Sulphurs,Orange Sulphur,Colias eurytheme,2023-08-05,US-CA,"4,115","1,573",,
Butterflies,Whites,Sara Orangetip,Anthocharis sara,2023-08-05,US-CA,"4,106",878,,
Butterflies,True Metalmarks,Behr's Metalmark,Apodemia virgulti,2023-07-27,US-CA,"4,102",0,,
Butterflies,Checkerspots & Anglewings,American Lady,Vanessa virginiensis,2023-07-28,US-CA,"3,848","1,590",,
Butterflies,Grass Skippers,Woodland Skipper,Ochlodes sylvanoides,2023-08-16,US-CA,"3,742","1,845",,
Butterflies,Spread-wing Skippers,Common Checkered-Skipper,Burnsius communis,2023-07-25,US-CA,"3,699","3,115",,
Butterflies,Blues,Silvery Blue,Glaucopsyche lygdamus,2024-03-23,US-CA,"3,380","1,337",,
Butterflies,Spread-wing Skippers,Mournful Duskywing,Erynnis tristis,2024-06-17,US-CA,"2,900","1,272",,
Butterflies,Checkerspots & Anglewings,Field Crescent,Phyciodes pulchella,2023-08-04,US-CA,"2,222","1,486",,
Butterflies,Checkerspots & Anglewings,Northern Checkerspot,Chlosyne palla,2024-05-05,US-CA,"2,142","1,413",,
Butterflies,Spread-wing Skippers,Northern White-Skipper,Heliopetes ericetorum,2025-06-15,US-CA,"2,052",150,,
Butterflies,Blues,Boisduval's Blue,Icaricia icarioides,2023-08-05,US-CA,"2,042",674,,
Butterflies,Hairstreaks,Lotus Hairstreak,Callophrys dumetorum,2025-04-19,US-CA,"2,019",552,,
Butterflies,Spread-wing Skippers,Funereal Duskywing,Erynnis funeralis,2023-08-04,US-CA,"2,000",102,,
Butterflies,Hairstreaks,Brown Elfin,Callophrys augustinus,2024-05-04,US-CA,"1,922",677,,
Butterflies,Spread-wing Skippers,Propertius Duskywing,Erynnis propertius,2023-08-19,US-CA,"1,898",970,,
Butterflies,Milkweed Butterflies,Queen,Danaus gilippus,2023-11-24,US-CA,"1,877",6,,
Butterflies,Hairstreaks,Hedgerow Hairstreak,Satyrium saepium,2024-08-03,US-CA,"1,873",349,,
Butterflies,Whites,Margined White,Pieris marginalis,2025-04-18,US-CA,"1,867","1,482",,
Butterflies,Grass Skippers,Rural Skipper,Ochlodes agricola,2024-05-22,US-CA,"1,745","1,133",,
Butterflies,Spread-wing Skippers,White Checkered-Skipper,Burnsius albezens,2023-11-25,US-CA,"1,736",0,,
Butterflies,Yellows & Sulphurs,Cloudless Sulphur,Phoebis sennae,2023-07-28,US-CA,"1,573",3,,
Butterflies,Blues,Bernardino Blue,Euphilotes bernardino,#N/A,,"1,475",0,,Mojave/Colorado desert
Butterflies,Checkerspots & Anglewings,Satyr Comma,Polygonia satyrus,2024-02-10,US-CA,"1,333",886,,
Butterflies,Checkerspots & Anglewings,Edith's Checkerspot,Euphydryas editha,2023-07-23,US-CA,"1,223",381,,
Butterflies,Grass Skippers,Eufala Skipper,Lerodea eufala,2023-11-25,US-CA,"1,197",109,,
Butterflies,Grass Skippers,Sandhill Skipper,Polites sabuleti,2023-08-13,US-CA,"1,166",582,,
Butterflies,Checkerspots & Anglewings,California Patch,Chlosyne californica,#N/A,,"1,066",0,,Anza Borego/J Tree
Butterflies,Checkerspots & Anglewings,Gabb's Checkerspot,Chlosyne gabbii,#N/A,,"1,063",1,,Pinnacles/LA hills
Butterflies,Coppers,Purplish Copper,Tharsalea helloides,2024-09-22,US-CA,"1,009",563,,
Butterflies,Coppers,Gorgon Copper,Tharsalea gorgon,2024-05-22,US-CA,997,643,,
Butterflies,Hairstreaks,Sylvan Hairstreak,Satyrium sylvinus,2025-05-28,US-CA,997,157,,"Sunol Regional Wilderness, Pinnacles"
Butterflies,Blues,Greenish Blue,Icaricia saepiolus,2024-07-18,CA-AB,992,0,,
Butterflies,Hairstreaks,California Hairstreak,Satyrium californica,2025-05-31,US-CA,982,179,,
Butterflies,Fritillaries & Longwings,Callippe Fritillary,Argynnis callippe,2024-06-06,US-CA,952,304,,
Butterflies,Yellows & Sulphurs,California Dogface,Zerene eurydice,2025-05-31,US-CA,935,354,,
Butterflies,Blues,Ceraunus Blue,Hemiargus ceraunus,2023-11-25,US-CA,893,0,,
Butterflies,Parnassians,Clodius Parnassian,Parnassius clodius,2023-07-23,US-CA,848,2,,
Butterflies,Yellows & Sulphurs,Dainty Sulphur,Nathalis iole,2024-03-16,US-TX,844,2,,
Butterflies,Coppers,Great Copper,Tharsalea xanthoides,2024-05-30,US-CA,808,309,,
Butterflies,Hairstreaks,Juniper Hairstreak,Callophrys gryneus,#N/A,,796,2,,
Butterflies,Fritillaries & Longwings,Coronis Fritillary,Argynnis coronis,2024-09-22,US-CA,736,321,,
Butterflies,Hairstreaks,Great Purple Hairstreak,Atlides halesus,#N/A,,714,136,10,
Butterflies,Blues,Western Tailed-Blue,Cupido amyntula,2024-06-18,US-CA,700,40,,
Butterflies,"Satyrs, Morphos, & Allies",Common Wood-Nymph,Cercyonis pegala,2024-06-03,US-CA,681,540,,
Butterflies,Swallowtails,Black Swallowtail,Papilio polyxenes,#N/A,,639,2,,
Butterflies,Coppers,Tailed Copper,Tharsalea arota,2024-06-14,US-CA,630,250,,
Butterflies,Hairstreaks,Mountain Mahogany Hairstreak,Satyrium tetra,2025-07-03,US-CA,618,109,,Mt Diablo summit (June 20thish)
Butterflies,Grass Skippers,Field Skipper,Atalopedes campestris,2024-09-09,US-CA,574,353,,
Butterflies,Hairstreaks,Golden Hairstreak,Habrodais grunus,2023-10-13,US-CA,572,298,,
Butterflies,Fritillaries & Longwings,Pacific Fritillary,Boloria epithore,#N/A,,568,85,6,
Butterflies,Blues,Reakirt's Blue,Echinargus isola,2024-03-16,US-TX,555,1,,
Butterflies,Whites,Large Marble,Euchloe ausonides,2024-04-01,US-CA,542,409,,
Butterflies,True Metalmarks,Fatal Metalmark,Calephelis nemesis,#N/A,,528,0,,
Butterflies,Hairstreaks,Coastal Green Hairstreak,Callophrys viridis,2024-03-30,US-CA,523,482,,
Butterflies,Checkerspots & Anglewings,Sagebrush Checkerspot,Chlosyne acastus,#N/A,,521,0,,
Butterflies,Hairstreaks,Behr's Hairstreak,Satyrium behrii,#N/A,,504,0,,
Butterflies,Fritillaries & Longwings,Zerene Fritillary,Argynnis zerene,2024-07-07,US-CA,501,137,,
Butterflies,Checkerspots & Anglewings,Hoary Comma,Polygonia gracilis,2023-07-23,US-CA,476,5,,
Butterflies,Blues,Sonoran Blue,Philotes sonorensis,#N/A,,457,129,2,
Butterflies,Grass Skippers,Wandering Skipper,Panoquina errans,#N/A,,450,0,,
Butterflies,True Metalmarks,Mormon Metalmark,Apodemia mormo,2024-08-13,US-CA,443,172,,
Butterflies,Blues,Dotted Blue,Euphilotes enoptes,2023-08-05,US-CA,440,144,,
Butterflies,Yellows & Sulphurs,Large Orange Sulphur,Phoebis agarithe,2025-04-07,US-HI,430,0,,
Butterflies,Coppers,Edith's Copper,Tharsalea editha,#N/A,,424,0,,
Butterflies,Dicot Skippers,Northern Cloudywing,Thorybes pylades,2025-04-18,US-CA,421,226,,
Butterflies,Hairstreaks,Western Pine Elfin,Callophrys eryphon,2025-04-21,US-CA,416,84,,
Butterflies,Whites,Pine White,Neophasia menapia,2023-08-19,US-CA,411,41,,
Butterflies,Checkerspots & Anglewings,Tiny Checkerspot,Dymasia dymas,2024-03-16,US-TX,408,0,,
Butterflies,Whites,Becker's White,Pontia beckerii,#N/A,,406,0,,
Butterflies,Spread-wing Skippers,Two-banded Checkered-Skipper,Pyrgus ruralis,2023-08-05,US-CA,401,219,,
Butterflies,Grass Skippers,Sonoran Skipper,Polites sonora,2023-08-19,US-CA,396,5,,
Butterflies,"Satyrs, Morphos, & Allies",Great Basin Wood-Nymph,Cercyonis sthenele,2024-08-03,US-CA,395,120,,
Butterflies,Checkerspots & Anglewings,Hoffmann's Checkerspot,Chlosyne hoffmanni,2023-08-19,US-CA,393,0,,
Butterflies,Blues,Melissa Blue,Plebejus melissa,2023-08-06,US-CA,389,0,,
Butterflies,Yellows & Sulphurs,Sleepy Orange,Abaeis nicippe,2025-04-07,US-HI,379,0,,
Butterflies,Dicot Skippers,Silver-spotted Skipper,Epargyreus clarus,2024-06-27,US-RI,346,100,,
Butterflies,Coppers,Lustrous Copper,Lycaena cupreus,#N/A,,331,0,,
Butterflies,Blues,Eastern Tailed-Blue,Cupido comyntas,2024-05-16,US-OH,330,190,,
Butterflies,Swallowtails,Two-tailed Swallowtail,Papilio multicaudata,2024-06-06,US-CA,326,195,,
Butterflies,Fritillaries & Longwings,Hydaspe Fritillary,Argynnis hydaspe,2024-07-17,CA-AB,325,0,,
Butterflies,Blues,Sierra Blue,Agriades podarce,2023-07-23,US-CA,317,0,,
Butterflies,Blues,Lupine Blue,Icaricia lupini,#N/A,,313,0,,
Butterflies,Coppers,Blue Copper,Tharsalea heteronea,2024-07-07,US-CA,306,142,,
Butterflies,Grass Skippers,American Branded Skipper,Hesperia colorado,#N/A,,299,43,,
Butterflies,Blues,Anna's Blue,Plebejus anna,2023-08-05,US-CA,285,0,,
Butterflies,True Metalmarks,Wright's Metalmark,Calephelis wrighti,2023-11-25,US-CA,284,0,,
Butterflies,Whites,Spring White,Pontia sisymbrii,#N/A,,284,65,5,
Butterflies,Fritillaries & Longwings,Mormon Fritillary,Argynnis mormonia,2023-10-14,US-CA,260,0,,
Butterflies,Coppers,Lilac-bordered Copper,Tharsalea nivalis,2023-08-05,US-CA,256,0,,
Butterflies,True Metalmarks,Mexican Metalmark,Apodemia mejicanus,#N/A,,248,0,,
Butterflies,Checkerspots & Anglewings,Milbert's Tortoiseshell,Aglais milberti,2023-08-19,US-CA,232,0,,
Butterflies,Blues,Shasta Blue,Icaricia shasta,#N/A,,228,0,,
Butterflies,Hairstreaks,Gold-hunter's Hairstreak,Satyrium auretorum,#N/A,,225,7,,
Butterflies,Checkerspots & Anglewings,Leanira Checkerspot,Chlosyne leanira,2024-06-06,US-CA,222,74,,
Butterflies,Hairstreaks,Loki Hairstreak,Callophrys loki,#N/A,,205,0,,
Butterflies,Grass Skippers,Juba Skipper,Hesperia juba,2024-09-22,US-CA,195,2,,
Butterflies,Fritillaries & Longwings,Great Basin Fritillary,Argynnis egleis,2023-08-05,US-CA,188,0,,
Butterflies,Beak & Snout Butterflies,American Snout,Libytheana carinenta,2024-03-16,US-TX,180,1,,
Butterflies,Yellows & Sulphurs,Harford's Sulphur,Colias harfordii,#N/A,,169,0,,
Butterflies,Blues,Square-spotted Blue,Euphilotes battoides,2025-05-18,US-CA,165,0,,
Butterflies,Hairstreaks,Moss's Elfin,Callophrys mossii,#N/A,,163,126,3,
Butterflies,Blues,Arrowhead Blue,Glaucopsyche piasus,#N/A,,162,0,,
Butterflies,Swallowtails,Indra Swallowtail,Papilio indra,#N/A,,150,5,,
Butterflies,Grass Skippers,Columbian Skipper,Hesperia columbia,2025-04-18,US-CA,145,95,,
Butterflies,Coppers,Ruddy Copper,Tharsalea rubidus,#N/A,,143,0,,
Butterflies,Whites,Western White,Pontia occidentalis,2023-08-05,US-CA,141,0,,
Butterflies,Spread-wing Skippers,Common Sootywing,Pholisora catullus,#N/A,,139,89,8,
Butterflies,Checkerspots & Anglewings,Oreas Comma,Polygonia oreas,2024-08-20,US-CA,137,90,,
Butterflies,Spread-wing Skippers,Sleepy Duskywing,Erynnis brizo,#N/A,,134,21,,
Butterflies,Dicot Skippers,Nevada Cloudywing,Thorybes nevada,2023-08-06,US-CA,126,0,,
Butterflies,Coppers,Hermes Copper,Tharsalea hermes,#N/A,,125,0,,
Butterflies,Blues,Friday's Blue,Plebejus fridayi,#N/A,,122,0,,
Butterflies,Blues,Glaucon Blue,Euphilotes glaucon,#N/A,,116,0,,
Butterflies,Hairstreaks,Thicket Hairstreak,Callophrys spinetorum,#N/A,,115,29,,
Butterflies,Spread-wing Skippers,Small Checkered-Skipper,Pyrgus scriptura,#N/A,,114,44,,
Butterflies,Whites,Desert Orangetip,Anthocharis cethura,#N/A,,114,0,,
Butterflies,Yellows & Sulphurs,Sierra Sulphur,Colias behrii,#N/A,,109,0,,
Butterflies,"Satyrs, Morphos, & Allies",Small Wood-Nymph,Cercyonis oetus,2023-08-06,US-CA,101,0,,
Butterflies,Fritillaries & Longwings,Great Spangled Fritillary,Argynnis cybele,2024-07-19,CA-AB,97,0,,
Butterflies,"Satyrs, Morphos, & Allies",Great Arctic,Oeneis nevadensis,#N/A,,96,0,,
Butterflies,Hairstreaks,Muir's Hairstreak,Callophrys muiri,#N/A,,94,90,5,
Butterflies,Coppers,Mariposa Copper,Tharsalea mariposa,2023-10-14,US-CA,93,0,,
Butterflies,Whites,Gray Marble,Anthocharis lanceolata,#N/A,,91,4,,
Butterflies,Hairstreaks,Mallow Scrub-Hairstreak,Strymon istapa,#N/A,,90,0,,
Butterflies,Grass Skippers,Dun Skipper,Euphyes vestris,2024-06-27,US-RI,89,29,,
Butterflies,Whites,Desert Marble,Euchloe lotta,#N/A,,89,0,,
Butterflies,Fritillaries & Longwings,Unsilvered Fritillary,Argynnis adiaste,#N/A,,88,65,7,
Butterflies,Grass Skippers,Orange Skipperling,Copaeodes aurantiaca,2023-11-25,US-CA,86,0,,
Butterflies,Grass Skippers,Yuma Skipper,Ochlodes yuma,2024-08-25,US-CA,80,58,,
Butterflies,Spread-wing Skippers,Mojave Sootywing,Hesperopsis libya,#N/A,,78,0,,
Butterflies,Hairstreaks,Sheridan's Hairstreak,Callophrys sheridanii,2025-05-19,US-CA,77,0,,
Butterflies,Hairstreaks,Sagebrush Sooty Hairstreak,Satyrium semiluna,2023-08-06,US-CA,72,0,,
Butterflies,Whites,California Marble,Euchloe hyantis,#N/A,,65,22,,
Butterflies,Whites,Julia Orangetip,Anthocharis julia,#N/A,,61,0,,
Butterflies,Hairstreaks,Leda Ministreak,Ministrymon leda,#N/A,,57,0,,
Butterflies,Yellows & Sulphurs,Marcellina Sulphur,Phoebis marcellina,2025-11-29,US-CA,57,0,,
Butterflies,Blues,Veined Blue,Icaricia neurona,#N/A,,56,0,,
Butterflies,"Satyrs, Morphos, & Allies",Chryxus Arctic,Oeneis chryxus,2024-07-17,CA-AB,52,0,,
Butterflies,Parnassians,Rocky Mountain Parnassian,Parnassius smintheus,2025-08-01,US-CO,51,0,,
Butterflies,Parnassians,Sierra Nevada Parnassian,Parnassius behrii,#N/A,,51,0,,
Butterflies,Blues,Pallid Blue,Euphilotes pallescens,#N/A,,50,0,,
Butterflies,Grass Skippers,California Giant-Skipper,Agathymus stephensi,#N/A,,49,0,,
Butterflies,Spread-wing Skippers,Pacuvius Duskywing,Erynnis pacuvius,#N/A,,49,0,,
Butterflies,Fritillaries & Longwings,Variegated Fritillary,Euptoieta claudia,2024-03-16,US-TX,48,2,,
Butterflies,Fritillaries & Longwings,Northwestern Fritillary,Argynnis hesperis,#N/A,,46,0,,
Butterflies,Spread-wing Skippers,Afranius Duskywing,Erynnis afranius,#N/A,,43,0,,
Butterflies,"Satyrs, Morphos, & Allies",Ridings' Satyr,Neominois ridingsii,#N/A,,42,0,,
Butterflies,Blues,Mojave Blue,Euphilotes mojave,#N/A,,41,0,,
Butterflies,Hairstreaks,Johnson’s Hairstreak,Callophrys johnsoni,#N/A,,41,0,,
Butterflies,Blues,Small Blue,Philotiella speciosa,#N/A,,37,0,,
Butterflies,Grass Skippers,Lindsey's Skipper,Hesperia lindseyi,2025-06-21,US-CA,37,19,,
Butterflies,Skipperlings,Western Arctic Skipper,Carterocephalus skada,2024-07-18,CA-AB,37,7,,
Butterflies,Checkerspots & Anglewings,Green Comma,Polygonia faunus,2024-07-18,CA-AB,35,2,,
Butterflies,Checkerspots & Anglewings,Sierra Nevada Checkerspot,Chlosyne whitneyi,#N/A,,35,0,,
Butterflies,Checkerspots & Anglewings,Snowberry Checkerspot,Euphydryas colon,#N/A,,33,0,,
Butterflies,Grass Skippers,Yucca Giant-Skipper,Megathymus yuccae,#N/A,,33,0,,
Butterflies,Admirals & Allies,Weidemeyer's Admiral,Limenitis weidemeyerii,2025-08-01,US-CO,32,0,,
Butterflies,Spread-wing Skippers,Arizona Powdered-Skipper,Systasea zampa,#N/A,,32,0,,
Butterflies,Hairstreaks,Avalon Scrub-Hairstreak,Strymon avalona,#N/A,,31,0,,
Butterflies,Yellows & Sulphurs,Southern Dogface,Zerene cesonia,#N/A,,31,0,,
Butterflies,Blues,San Emigdio Blue,Plebulina emigdionis,#N/A,,29,0,,
Butterflies,Checkerspots & Anglewings,California Crescent,Phyciodes orseis,#N/A,,29,0,,
Butterflies,Fritillaries & Longwings,Nokomis Fritillary,Argynnis nokomis,#N/A,,27,0,,
Butterflies,Grass Skippers,Alkali Skipper,Pseudocopaeodes eunus,#N/A,,27,0,,
Butterflies,Hairstreaks,Western Sooty Hairstreak,Satyrium fuliginosa,#N/A,,23,0,,
Butterflies,Yellows & Sulphurs,Clouded Sulphur,Colias philodice,2024-06-27,US-RI,22,0,,
Butterflies,Spread-wing Skippers,Persius Duskywing,Erynnis persius,2024-07-18,CA-AB,20,7,,
Butterflies,Yellows & Sulphurs,Mexican Yellow,Abaeis mexicana,#N/A,,18,0,,
Butterflies,Checkerspots & Anglewings,Anicia Checkerspot,Euphydryas anicia,#N/A,,17,0,,
Butterflies,True Metalmarks,Palmer's Metalmark,Apodemia palmerii,#N/A,,17,0,,
Butterflies,Grass Skippers,Common Roadside-Skipper,Amblyscirtes vialis,#N/A,,14,1,,
Butterflies,"Satyrs, Morphos, & Allies",Santa Cruz Island Wood-Nymph,Cercyonis hypoleuca,2024-06-16,US-CA,14,0,,
Butterflies,Checkerspots & Anglewings,Bordered Patch,Chlosyne lacinia,2024-03-16,US-TX,12,0,,
Butterflies,Spread-wing Skippers,MacNeill's Sootywing,Hesperopsis gracielae,#N/A,,12,0,,
Butterflies,Coppers,American Copper,Lycaena hypophlaeas,2024-06-26,US-RI,11,0,,
Butterflies,Yellows & Sulphurs,Queen Alexandra’s Sulphur,Colias alexandra,2025-08-03,US-CO,11,0,,
Butterflies,Dicot Skippers,Western Cloudywing,Thorybes diversus,#N/A,,10,0,,
Butterflies,Hairstreaks,Hoary Elfin,Callophrys polios,#N/A,,10,0,,
Damselflies,Narrow-winged Damselflies,Vivid Dancer,Argia vivida,2023-08-17,US-CA,"8,487","3,317",,
Damselflies,Narrow-winged Damselflies,Pacific Forktail,Ischnura cervula,2024-06-08,US-CA,"4,358","2,141",,
Damselflies,Broad-winged Damselflies,American Rubyspot,Hetaerina americana,#N/A,,"1,086",418,6,
Damselflies,Narrow-winged Damselflies,Familiar Bluet,Enallagma civile,2024-03-16,US-TX,"1,060",366,,
Damselflies,Narrow-winged Damselflies,Tule Bluet,Enallagma carunculatum,2024-06-08,US-CA,836,330,,
Damselflies,Narrow-winged Damselflies,Western Forktail,Ischnura perparva,2024-06-01,US-CA,790,416,,
Damselflies,Narrow-winged Damselflies,Sooty Dancer,Argia lugens,2024-07-27,US-CA,546,100,,
Damselflies,Narrow-winged Damselflies,Black-fronted Forktail,Ischnura denticollis,2025-05-18,US-CA,532,75,,
Damselflies,Spreadwings & Allies,California Spreadwing,Archilestes californicus,#N/A,,515,130,10,
Damselflies,Narrow-winged Damselflies,Emma's Dancer,Argia emma,2025-05-26,US-CA,428,162,,Sunol Regional Wilderness
Damselflies,Narrow-winged Damselflies,Desert Firetail,Telebasis salva,2024-09-10,US-CA,371,132,,
Damselflies,Narrow-winged Damselflies,Rambur's Forktail,Ischnura ramburii,#N/A,,303,0,,
Damselflies,Narrow-winged Damselflies,California Dancer,Argia agrioides,#N/A,,262,86,8,
Damselflies,Spreadwings & Allies,Spotted Spreadwing,Lestes congener,2024-08-20,US-CA,232,67,,
Damselflies,Narrow-winged Damselflies,Exclamation Damsel,Zoniagrion exclamationis,#N/A,,213,205,5,
Damselflies,Narrow-winged Damselflies,Blue-ringed Dancer,Argia sedula,#N/A,,200,0,,
Damselflies,Spreadwings & Allies,Emerald Spreadwing,Lestes dryas,#N/A,,199,0,,
Damselflies,Narrow-winged Damselflies,Arroyo Bluet,Enallagma praevarum,#N/A,,191,82,5,
Damselflies,Spreadwings & Allies,Northern Spreadwing,Lestes disjunctus,2024-09-02,US-CA,168,53,,
Damselflies,Narrow-winged Damselflies,Powdered Dancer,Argia moesta,2024-07-02,US-GA,143,0,,
Damselflies,Narrow-winged Damselflies,Western Red Damsel,Amphiagrion abbreviatum,#N/A,,141,2,,
Damselflies,Spreadwings & Allies,Black Spreadwing,Lestes stultus,2025-06-22,US-CA,134,96,,
Damselflies,Narrow-winged Damselflies,Lavender Dancer,Argia hinei,#N/A,,133,0,,
Damselflies,Spreadwings & Allies,Great Spreadwing,Archilestes grandis,#N/A,,126,10,,
Damselflies,Narrow-winged Damselflies,Desert Forktail,Ischnura barberi,#N/A,,121,1,,
Damselflies,Narrow-winged Damselflies,Northern Bluet,Enallagma annexum,2024-07-18,CA-AB,79,12,,
Damselflies,Narrow-winged Damselflies,Paiute Dancer,Argia alberta,#N/A,,76,0,,
Damselflies,Narrow-winged Damselflies,Swift Forktail,Ischnura erratica,#N/A,,53,10,,
Damselflies,Broad-winged Damselflies,River Jewelwing,Calopteryx aequabilis,#N/A,,45,0,,
Damselflies,Narrow-winged Damselflies,San Francisco Forktail,Ischnura gemina,#N/A,,45,45,,
Damselflies,Narrow-winged Damselflies,Double-striped Bluet,Enallagma basidens,#N/A,,43,0,,
Damselflies,Narrow-winged Damselflies,Aztec Dancer,Argia nahuana,#N/A,,40,4,,
Damselflies,Spreadwings & Allies,Lyre-tipped Spreadwing,Lestes unguiculatus,#N/A,,26,0,,
Damselflies,Narrow-winged Damselflies,Alkali Bluet,Enallagma clausum,#N/A,,25,0,,
Damselflies,Narrow-winged Damselflies,River Bluet,Enallagma anna,#N/A,,22,0,,
Damselflies,Narrow-winged Damselflies,Citrine Forktail,Ischnura hastata,#N/A,,20,0,,
Damselflies,Narrow-winged Damselflies,Boreal Bluet,Enallagma boreale,#N/A,,14,1,,
Damselflies,Narrow-winged Damselflies,Taiga Bluet,Coenagrion resolutum,#N/A,,11,0,,
Dragonflies,Skimmers,Flame Skimmer,Libellula saturata,2023-08-12,US-CA,"8,494","3,243",,
Dragonflies,Skimmers,Variegated Meadowhawk,Sympetrum corruptum,2023-08-16,US-CA,"8,331","3,114",,
Dragonflies,Skimmers,Blue Dasher,Pachydiplax longipennis,2024-06-22,US-RI,"4,905","1,386",,
Dragonflies,Darners,Common Green Darner,Anax junius,2024-06-01,US-CA,"4,195","1,480",,
Dragonflies,Darners,Blue-eyed Darner,Rhionaeschna multicolor,2023-08-16,US-CA,"3,141","1,640",,
Dragonflies,Skimmers,Cardinal Meadowhawk,Sympetrum illotum,2023-08-17,US-CA,"2,322","1,521",,
Dragonflies,Skimmers,Common Whitetail,Plathemis lydia,2024-03-16,US-TX,"1,818","1,157",,
Dragonflies,Skimmers,Widow Skimmer,Libellula luctuosa,2024-06-08,US-CA,"1,563",909,,
Dragonflies,Skimmers,Western Pondhawk,Erythemis collocata,2024-05-30,US-CA,"1,530",577,,
Dragonflies,Skimmers,Black Saddlebags,Tramea lacerata,2024-06-14,US-CA,"1,464",668,,
Dragonflies,Skimmers,Neon Skimmer,Libellula croceipennis,#N/A,,"1,151",1,,LA/San Diego
Dragonflies,Skimmers,Red Rock Skimmer,Paltothemis lineatipes,#N/A,,"1,111",144,6,Sunol Regional Wilderness
Dragonflies,Skimmers,Eight-spotted Skimmer,Libellula forensis,2024-06-01,US-CA,"1,064",555,,
Dragonflies,Skimmers,Twelve-spotted Skimmer,Libellula pulchella,2024-07-26,US-CA,"1,006",247,,
Dragonflies,Spiketails,Pacific Spiketail,Cordulegaster dorsalis,2024-06-06,US-CA,"1,001",569,,
Dragonflies,Skimmers,Mexican Amberwing,Perithemis intensa,#N/A,,885,0,,
Dragonflies,Skimmers,Spot-winged Glider,Pantala hymenaea,2024-06-25,US-RI,775,201,,
Dragonflies,Skimmers,Striped Meadowhawk,Sympetrum pallipes,2024-08-20,US-CA,716,230,,
Dragonflies,Clubtails,Grappletail,Octogomphus specularis,2025-06-21,US-CA,687,304,,
Dragonflies,Clubtails,Pacific Clubtail,Phanogomphus kurilis,2025-05-31,US-CA,637,403,,
Dragonflies,Skimmers,Four-spotted Skimmer,Libellula quadrimaculata,2023-08-19,US-CA,597,0,,
Dragonflies,Skimmers,Wandering Glider,Pantala flavescens,2024-04-24,JP-47,596,102,,
Dragonflies,Darners,California Darner,Rhionaeschna californica,#N/A,,547,358,4,
Dragonflies,Skimmers,Red-tailed Pennant,Brachymesia furcata,#N/A,,531,0,,
Dragonflies,Skimmers,Red Saddlebags,Tramea onusta,2024-06-24,US-RI,465,34,,
Dragonflies,Skimmers,Red-veined Meadowhawk,Sympetrum madidum,#N/A,,302,130,5,
Dragonflies,Clubtails,Gray Sanddragon,Progomphus borealis,#N/A,,263,12,,
Dragonflies,Clubtails,Bison Snaketail,Ophiogomphus bison,#N/A,,232,66,5,
Dragonflies,Skimmers,Roseate Skimmer,Orthemis ferruginea,2024-03-16,US-TX,220,1,,
Dragonflies,Petaltails,Black Petaltail,Tanypteryx hageni,#N/A,,211,6,,
Dragonflies,Skimmers,Band-winged Meadowhawk,Sympetrum semicinctum,2025-06-22,US-CA,211,9,,
Dragonflies,Emerald Dragonflies,American Emerald,Cordulia shurtleffii,#N/A,,192,0,,
Dragonflies,Skimmers,Chalk-fronted Corporal,Ladona julia,#N/A,,168,0,,
Dragonflies,Skimmers,Pale-faced Clubskimmer,Brechmorhoga mendax,#N/A,,166,19,,
Dragonflies,Darners,Paddle-tailed Darner,Aeshna palmata,2024-07-18,CA-AB,163,30,,
Dragonflies,Skimmers,Desert Whitetail,Plathemis subornata,#N/A,,161,0,,
Dragonflies,Clubtails,White-belted Ringtail,Erpetogomphus compositus,#N/A,,156,1,,
Dragonflies,Emerald Dragonflies,Beaverpond Baskettail,Epitheca canis,2026-04-26,,155,88,4,
Dragonflies,Skimmers,Hoary Skimmer,Libellula nodisticta,#N/A,,153,1,,
Dragonflies,Darners,Walker's Darner,Aeshna walkeri,#N/A,,152,60,10,
Dragonflies,Skimmers,Dot-tailed Whiteface,Leucorrhinia intacta,#N/A,,132,0,,
Dragonflies,Skimmers,Crimson-ringed Whiteface,Leucorrhinia glacialis,2024-07-16,CA-AB,130,0,,
Dragonflies,Darners,Giant Darner,Anax walsinghami,#N/A,,111,4,,
Dragonflies,Skimmers,Comanche Skimmer,Libellula comanche,#N/A,,111,0,,
Dragonflies,Darners,Shadow Darner,Aeshna umbrosa,2024-09-21,US-CA,110,15,,
Dragonflies,Darners,Variable Darner,Aeshna interrupta,#N/A,,106,0,,
Dragonflies,Clubtails,Sinuous Snaketail,Ophiogomphus occidentis,#N/A,,85,36,,
Dragonflies,Cruisers,Western River Cruiser,Macromia magnifica,#N/A,,84,25,,
Dragonflies,Skimmers,White-faced Meadowhawk,Sympetrum obtrusum,2025-08-10,US-RI,82,0,,
Dragonflies,Skimmers,Saffron-winged Meadowhawk,Sympetrum costiferum,#N/A,,82,0,,
Dragonflies,Skimmers,Marl Pennant,Macrodiplax balteata,#N/A,,67,0,,
Dragonflies,Skimmers,Black Meadowhawk,Sympetrum danae,2023-09-06,NO-03,65,0,,
Dragonflies,Emerald Dragonflies,Mountain Emerald,Somatochlora semicircularis,#N/A,,57,0,,
Dragonflies,Skimmers,Hudsonian Whiteface,Leucorrhinia hudsonica,2023-08-06,US-CA,56,0,,
Dragonflies,Skimmers,Bleached Skimmer,Libellula composita,#N/A,,49,0,,
Dragonflies,Clubtails,Serpent Ringtail,Erpetogomphus lampropeltis,#N/A,,44,0,,
Dragonflies,Clubtails,Great Basin Snaketail,Ophiogomphus morrisoni,#N/A,,37,0,,
Dragonflies,Clubtails,Olive Clubtail,Stylurus olivaceus,#N/A,,35,16,,
Dragonflies,Clubtails,Brimstone Clubtail,Stylurus intricatus,#N/A,,35,0,,
Dragonflies,Clubtails,Russet-tipped Clubtail,Stylurus plagiatus,#N/A,,34,0,,
Dragonflies,Skimmers,Autumn Meadowhawk,Sympetrum vicinum,2023-11-19,US-OH,30,0,,
Dragonflies,Emerald Dragonflies,Spiny Baskettail,Epitheca spinigera,#N/A,,18,0,,
Dragonflies,Skimmers,Cherry-faced Meadowhawk,Sympetrum internum,2024-07-21,CA-AB,18,0,,
Dragonflies,Skimmers,Filigree Skimmer,Pseudoleon superbus,#N/A,,14,0,,
Dragonflies,Skimmers,Great Pondhawk,Erythemis vesiculosa,#N/A,,10,0,,
Dragonflies,Skimmers,Striped Saddlebags,Tramea darwini,#N/A,,10,0,,
Flowers,Monkeyflowers,Orange Bush Monkeyflower,Diplacus aurantiacus,2023-04-23,US-CA,"29,788","22,417",,
Flowers,Hellebores & Trilliums,Pacific Trillium,Trillium ovatum,2026-04-03,US-CA,"15,461","9,723",,
Flowers,Hellebores & Trilliums,Fremont's Death Camas,Toxicoscordion fremontii,2026-03-21,US-CA,"10,797","7,982",,
Flowers,Lilies,White Globe Lily,Calochortus albus,2025-04-23,US-CA,"9,328","4,746",,
Flowers,Monkeyflowers,Red Bush Monkeyflower,Diplacus puniceus,#N/A,,"9,249",1,,
Flowers,Lilies,Checker Lily,Fritillaria affinis,2025-03-21,US-CA,"9,199","8,063",,
Flowers,Monkeyflowers,Seep Monkeyflower,Erythranthe guttata,2024-06-03,US-CA,"8,576","3,578",,
Flowers,Violets,California Golden Violet,Viola pedunculata,2025-04-23,US-CA,"8,518","4,451",,
Flowers,Clarkias,Elegant Clarkia,Clarkia unguiculata,2025-05-26,US-CA,"7,856","3,360",,
Flowers,Monkeyflowers,Scarlet Monkeyflower,Erythranthe cardinalis,#N/A,,"7,476","1,212",7,Try Lake Anza or Mt Diablo in July
Flowers,Clarkias,Winecup Clarkia,Clarkia purpurea,2024-05-22,US-CA,"7,415","3,209",,
Flowers,Monkeyflowers,Southern Bush Monkeyflower,Diplacus longiflorus,#N/A,,"6,819",0,,
Flowers,Lilies,Yellow Mariposa Lily,Calochortus luteus,2024-06-16,US-CA,"6,789","5,623",,
Flowers,Hellebores & Trilliums,Corn Lily,Veratrum californicum,2023-08-06,US-CA,"6,377",0,,
Flowers,Hellebores & Trilliums,Giant Wakerobin,Trillium chloropetalum,2024-02-25,US-CA,"5,964","5,738",,
Flowers,Lilies,Splendid Mariposa Lily,Calochortus splendens,#N/A,,"5,885",97,6,
Flowers,Clarkias,Ruby Chalice Clarkia,Clarkia rubicunda,2023-08-16,US-CA,"5,249","5,198",,
Flowers,Lilies,California Fetid Adderstongue,Scoliopus bigelovii,2026-03-21,US-CA,"5,011","4,140",,
Flowers,Monkeyflowers,Bigelow's Monkeyflower,Diplacus bigelovii,2025-05-18,US-CA,"4,904",0,,
Flowers,Lilies,Leichtlin's Mariposa Lily,Calochortus leichtlinii,2023-08-06,US-CA,"4,870",0,,
Flowers,Violets,Redwood Violet,Viola sempervirens,2026-04-23,US-CA,"4,788","3,236",,
Flowers,Lilies,Butterfly Mariposa Lily,Calochortus venustus,2024-05-22,US-CA,"4,572","1,476",,
Flowers,Lilies,Andrews' Clintonia,Clintonia andrewsiana,2026-04-23,US-CA,"4,331","2,869",,"Oak Hills (Reinhardt/Chabot), Marin"
Flowers,Violets,Goosefoot Violet,Viola purpurea,2026-03-07,US-CA,"3,780",404,,
Flowers,Orchids,Spotted Coralroot,Corallorhiza maculata,2026-04-17,US-CA,"3,775","1,660",5,
Flowers,Violets,Western Heart's Ease,Viola ocellata,2026-04-10,US-CA,"3,759","3,259",,
Flowers,Orchids,Broad-leaved Helleborine,Epipactis helleborine,2024-08-09,US-CA,"3,693","3,528",,
Flowers,Lilies,Diogenes' Lantern,Calochortus amabilis,2025-04-19,US-CA,"3,568","2,785",,
Flowers,Lilies,Weed's Mariposa Lily,Calochortus weedii,#N/A,,"3,523",0,,San Diego
Flowers,Lilies,Tolmie's Pussy Ears,Calochortus tolmiei,2023-04-29,US-CA,"3,325","1,964",,
Flowers,Lilies,Leopard Lily,Lilium pardalinum,#N/A,,"3,273","1,084",6,
Flowers,Orchids,Fairy-Slipper,Calypso bulbosa,2026-03-14,US-CA,"3,258","2,052",,
Flowers,Orchids,White Bog Orchid,Platanthera dilatata,#N/A,,"3,254",171,6,
Flowers,Lilies,Humboldt's Lily,Lilium humboldtii,2025-05-31,US-CA,"3,077",2,,"Nevada City, South Coast hills"
Flowers,Clarkias,Diamond Clarkia,Clarkia rhomboidea,#N/A,,"2,930",46,,
Flowers,Lilies,Hooker's Fairybells,Prosartes hookeri,2026-03-21,US-CA,"2,749","2,185",,
Flowers,Violets,Stream Violet,Viola glabella,2026-04-23,US-CA,"2,747","1,647",,
Flowers,Monkeyflowers,Wide-throated Yellow Monkeyflower,Diplacus brevipes,#N/A,,"2,719",0,,
Flowers,Monkeyflowers,Primrose Monkeyflower,Erythranthe primuloides,2025-08-06,US-CA,"2,692",0,,
Flowers,Lilies,Catalina Mariposa Lily,Calochortus catalinae,#N/A,,"2,686",0,,
Flowers,Clarkias,Red Ribbons,Clarkia concinna,2024-06-06,US-CA,"2,583","2,052",,
Flowers,Bellflowers,California Harebell,Smithiastrum prenanthoides,#N/A,,"2,447","1,420",7,Mt Tam
Flowers,Violets,Pine Violet,Viola lobata,#N/A,,"2,414",477,4,
Flowers,Lilies,Clay Mariposa Lily,Calochortus argillosus,2025-07-03,US-CA,"2,299","1,947",,
Flowers,Orchids,Western Rattlesnake Plantain,Goodyera oblongifolia,2024-08-03,US-CA,"2,218",532,,
Flowers,Lilies,Sierra Tiger Lily,Lilium parvum,2023-08-19,US-CA,"2,179",0,,
Flowers,Lilies,Oakland Mariposa Lily,Calochortus umbellatus,2025-03-24,US-CA,"2,148","2,147",,
Flowers,Violets,Hookedspur Violet,Viola adunca,2024-07-17,US-CA,"2,056","1,163",,
Flowers,Lilies,Chocolate Lily,Fritillaria biflora,2025-03-21,US-CA,"2,037",7,,
Flowers,Orchids,Stream Orchid,Epipactis gigantea,#N/A,,"2,029",247,5,
Flowers,Monkeyflowers,Torrey's Monkeyflower,Diplacus torreyi,#N/A,,"2,012",0,,
Flowers,Lilies,Mount Diablo Fairy-Lantern,Calochortus pulchellus,2023-04-23,US-CA,"1,958","1,961",,
Flowers,Lilies,Plummer's Mariposa Lily,Calochortus plummerae,#N/A,,"1,836",0,,Hills near LA
Flowers,Lilies,Clubhair Mariposa Lily,Calochortus clavatus,#N/A,,"1,756",2,,
Flowers,Lilies,Yellow Star-Tulip,Calochortus monophyllus,#N/A,,"1,702",0,,Western slope of Sierras
Flowers,Monkeyflowers,Blushing Monkeyflower,Erythranthe erubescens,#N/A,,"1,690",0,,
Flowers,Monkeyflowers,Shy Monkeyflower,Erythranthe nasuta,#N/A,,"1,603",219,4,
Flowers,Monkeyflowers,Kellogg's Monkeyflower,Diplacus kelloggii,2026-03-08,US-CA,"1,574",228,,
Flowers,Monkeyflowers,Rock Bush Monkeyflower,Diplacus calycinus,#N/A,,"1,489",0,,
Flowers,Monkeyflowers,Musk Monkeyflower,Erythranthe moschata,2023-08-19,US-CA,"1,486",0,,
Flowers,Lilies,Scarlet Fritillary,Fritillaria recurva,#N/A,,"1,479",736,3,
Flowers,Monkeyflowers,Magnificent Seep Monkeyflower,Erythranthe grandis,2026-03-14,US-CA,"1,458",840,,
Flowers,Lilies,Largeflower Fairybells,Prosartes smithii,#N/A,,"1,453",462,4,
Flowers,Lilies,Desert Mariposa Lily,Calochortus kennedyi,#N/A,,"1,414",0,,Mojave/Colorado desert edge
Flowers,Monkeyflowers,Purple Mouse Ears,Diplacus douglasii,#N/A,,"1,333",811,3,Edgewood Park (Santa Cruz Mtns)
Flowers,Hellebores & Trilliums,Giant White Wakerobin,Trillium albidum,#N/A,,"1,246",680,3,
Flowers,Monkeyflowers,False Monkeyflower,Mimetanthe pilosa,#N/A,,"1,235",57,7,
Flowers,Orchids,Flat Spurred Piperia,Platanthera transversa,#N/A,,"1,210",823,6,"Lake Lagunitas, Mt Tam, China Camp"
Flowers,Lilies,Kelley's Lily,Lilium kelleyanum,#N/A,,"1,204",0,,Mammoth Lakes
Flowers,Lilies,Shy Mariposa Lily,Calochortus invenustus,#N/A,,"1,201",3,,Big Bear Lake
Flowers,Monkeyflowers,Brewer's Monkeyflower,Erythranthe breweri,#N/A,,"1,135",0,,
Flowers,Lilies,Tiburon Mariposa Lily,Calochortus tiburonensis,2025-05-29,US-CA,"1,124","1,124",,
Flowers,Hellebores & Trilliums,Common Beargrass,Xerophyllum tenax,#N/A,,"1,121",272,5,
Flowers,Lilies,Washington Lily,Lilium washingtonianum,#N/A,,"1,101",0,,Sierras/Shasta
Flowers,Lilies,Pink Star-Tulip,Calochortus uniflorus,2026-04-10,US-CA,"1,100",701,,
Flowers,Lilies,Superb Mariposa Lily,Calochortus superbus,#N/A,,"1,051",81,5,
Flowers,Monkeyflowers,Skunky Monkeyflower,Diplacus mephiticus,#N/A,,"1,035",0,,
Flowers,Orchids,Elegant Rein Orchid,Platanthera elegans,2024-08-09,US-CA,"1,028",793,,
Flowers,Clarkias,Slender Clarkia,Clarkia gracilis,2026-04-18,US-CA,"1,018",726,,
Flowers,Clarkias,Botta's Clarkia,Clarkia bottae,#N/A,,992,0,,
Flowers,Violets,Douglas' Violet,Viola douglasii,2026-03-08,US-CA,941,142,,
Flowers,Lobelias,Doublehorn Calicoflower,Downingia bicornuta,#N/A,,930,482,5,Near Mather (Sac area)
Flowers,Monkeyflowers,Coastal Monkeyflower,Erythranthe dentata,#N/A,,920,0,,
Flowers,Violets,Macloskie's Violet,Viola macloskeyi,#N/A,,919,0,,
Flowers,Lilies,Fragrant Fritillary,Fritillaria liliacea,#N/A,,913,913,3,
Flowers,Monkeyflowers,Yellow and White Monkeyflower,Erythranthe bicolor,#N/A,,912,0,,
Flowers,Orchids,Striped Coralroot,Corallorhiza striata,2026-04-10,US-CA,889,624,,
Flowers,Hellebores & Trilliums,Fringed False Hellebore,Veratrum fimbriatum,#N/A,,885,656,10,
Flowers,Monkeyflowers,Fremont's Monkeyflower,Diplacus fremontii,#N/A,,864,0,,
Flowers,Lilies,Sierra Mariposa Lily,Calochortus minimus,2023-08-19,US-CA,854,0,,
Flowers,Lilies,Redwood Lily,Lilium rubescens,#N/A,,822,377,6,
Flowers,Lobelias,Maroonspot Calicoflower,Downingia concolor,2026-04-18,US-CA,813,757,,
Flowers,Lilies,Spotted Fritillary,Fritillaria atropurpurea,#N/A,,804,0,,
Flowers,Monkeyflowers,Largeflower Bush Monkeyflower,Diplacus grandiflorus,#N/A,,797,5,,
Flowers,Monkeyflowers,Island Bush Monkeyflower,Diplacus parviflorus,2024-06-17,US-CA,772,0,,
Flowers,Clarkias,Farewell-To-Spring,Clarkia amoena,2024-07-07,US-CA,759,582,,
Flowers,Monkeyflowers,Purple-stemmed Monkeyflower,Erythranthe floribunda,#N/A,,738,17,,
Flowers,Lobelias,Toothed Calicoflower,Downingia cuspidata,#N/A,,729,118,5,Lake Ilsanjo (North Bay)
Flowers,Orchids,Phantom Orchid,Cephalanthera austiniae,#N/A,,723,32,,
Flowers,Lilies,Columbia Lily,Lilium columbianum,#N/A,,720,0,,
Flowers,Lobelias,Flatface Calicoflower,Downingia pulchella,#N/A,,706,653,4,Baylands (Fremont)
Flowers,Clarkias,Speckled Clarkia,Clarkia cylindrica,#N/A,,704,1,,
Flowers,Violets,Shelton's Violet,Viola sheltonii,2026-03-07,US-CA,699,2,,
Flowers,Orchids,Pacific Coralroot,Corallorhiza mertensiana,#N/A,,693,301,5,Salt Point 
Flowers,Lilies,Lemon Lily,Lilium parryi,#N/A,,678,0,,
Flowers,Monkeyflowers,Tiling's Monkeyflower,Erythranthe tilingii,#N/A,,673,0,,
Flowers,Monkeyflowers,Layne's Monkeyflower,Diplacus layneae,#N/A,,637,106,5,
Flowers,Monkeyflowers,Monterey Monkeyflower,Diplacus linearis,#N/A,,635,0,,
Flowers,Orchids,Hooded Ladies' Tresses,Spiranthes romanzoffiana,#N/A,,630,237,8,
Flowers,Lilies,Late-blooming Mariposa Lily,Calochortus fimbriatus,#N/A,,621,0,,
Flowers,Orchids,Sparse-flowered Bog Orchid,Platanthera sparsiflora,#N/A,,581,0,,
Flowers,Violets,Mountain Yellow Violet,Viola pinetorum,#N/A,,577,0,,
Flowers,Lilies,Bruneau Mariposa Lily,Calochortus bruneaunis,#N/A,,573,0,,
Flowers,Lilies,Goldenbowl Mariposa Lily,Calochortus concolor,#N/A,,567,0,,
Flowers,Lobelias,Harlequin Calicoflower,Downingia insignis,2026-04-18,US-CA,560,532,,
Flowers,Monkeyflowers,Small-leaf Monkeyflower,Erythranthe microphylla,2026-03-21,US-CA,555,271,,
Flowers,Orchids,California Lady's Slipper,Cypripedium californicum,#N/A,,554,93,5,
Flowers,Clarkias,Canyon Clarkia,Clarkia epilobioides,#N/A,,551,2,,
Flowers,Lilies,San Luis Mariposa Lily,Calochortus obispoensis,#N/A,,551,0,,
Flowers,Lilies,Purdy's Fritillary,Fritillaria purdyi,#N/A,,547,222,4,
Flowers,Violets,Beckwith's Violet,Viola beckwithii,#N/A,,530,0,,
Flowers,Monkeyflowers,Tricolor Monkeyflower,Diplacus tricolor,#N/A,,513,230,4,Near Mather (Sac area)
Flowers,Monkeyflowers,Shield-bracted Monkeyflower,Erythranthe glaucescens,#N/A,,504,0,,
Flowers,Orchids,Denseflower Rein Orchid,Platanthera elongata,2025-07-05,US-CA,492,296,,
Flowers,Lilies,California Fawn Lily,Erythronium californicum,#N/A,,483,147,3,
Flowers,Clarkias,Twolobe Clarkia,Clarkia biloba,#N/A,,476,110,6,
Flowers,Lilies,Coast Range Mariposa Lily,Calochortus vestae,2025-06-22,US-CA,457,309,,
Flowers,Lilies,Palmer's Mariposa Lily,Calochortus palmeri,#N/A,,455,0,,
Flowers,Lilies,Coast Lily,Lilium maritimum,#N/A,,453,317,6,Mendocino
Flowers,Monkeyflowers,Wing-leaf Monkeyflower,Erythranthe ptilota,2024-09-07,US-CA,449,359,,
Flowers,Lilies,Purple Fawn Lily,Erythronium purpurascens,#N/A,,437,0,,
Flowers,Hellebores & Trilliums,Giant Purple Wakerobin,Trillium kurabayashii,#N/A,,427,3,,
Flowers,Lilies,Brown Fritillary,Fritillaria micrantha,#N/A,,423,0,,
Flowers,Hellebores & Trilliums,Brook Wakerobin,Pseudotrillium rivale,#N/A,,416,0,,
Flowers,Hellebores & Trilliums,Narrowpetal Wakerobin,Trillium angustipetalum,#N/A,,415,2,,
Flowers,Threadplants,Glandular Threadplant,Nemacladus glanduliferus,#N/A,,415,0,,
Flowers,Monkeyflowers,Red Rock Canyon Monkeyflower,Erythranthe rhodopetra,#N/A,,407,0,,
Flowers,Lilies,Ojai Fritillary,Fritillaria ojaiensis,#N/A,,405,0,,
Flowers,Lilies,Purple Fairy-Lantern,Calochortus amoenus,#N/A,,400,0,,
Flowers,Monkeyflowers,Sand-loving Monkeyflower,Erythranthe arenaria,#N/A,,388,0,,
Flowers,Monkeyflowers,Death Valley Monkeyflower,Diplacus rupicola,#N/A,,375,0,,
Flowers,Lilies,Bride's Bonnet,Clintonia uniflora,#N/A,,350,0,,
Flowers,Clarkias,Fort Miller Clarkia,Clarkia williamsonii,#N/A,,348,0,,
Flowers,Hellebores & Trilliums,Foothill Deathcamas,Toxicoscordion paniculatum,#N/A,,347,0,,
Flowers,Lilies,Adobe Lily,Fritillaria pluriflora,#N/A,,344,64,3,
Flowers,Monkeyflowers,Harlequin Monkeyflower,Diplacus bicolor,#N/A,,340,0,,
Flowers,Clarkias,Fairy Fans,Clarkia breweri,#N/A,,338,261,5,
Flowers,Clarkias,Delicate Clarkia,Clarkia delicata,#N/A,,333,0,,
Flowers,Clarkias,Presidio Clarkia,Clarkia franciscana,#N/A,,332,332,5,Presidio or Oakland Serpentine Prairie
Flowers,Lilies,Kellogg's Lily,Lilium kelloggii,#N/A,,324,0,,
Flowers,Lilies,Naked Mariposa Lily,Calochortus nudus,#N/A,,323,0,,
Flowers,Lilies,Napa Fawn Lily,Erythronium helenae,#N/A,,319,318,4,
Flowers,Lilies,Sierra Fawn Lily,Erythronium multiscapideum,#N/A,,317,0,,
Flowers,Lilies,Pine Fritillary,Fritillaria pinetorum,#N/A,,315,0,,
Flowers,Bellflowers,Marsh Harebell,Eastwoodiella californica,#N/A,,307,278,7,
Flowers,Violets,Northern Two-eyed Violet,Viola cuneata,#N/A,,304,0,,
Flowers,Monkeyflowers,Bolander's Monkeyflower,Diplacus bolanderi,#N/A,,300,59,5,
Flowers,Threadplants,Desert Threadplant,Nemacladus rubescens,#N/A,,295,0,,
Flowers,Lilies,Stinkbells,Fritillaria agrestis,#N/A,,294,127,3,
Flowers,Monkeyflowers,Dudley's Monkeyflower,Erythranthe geniculata,#N/A,,287,0,,
Flowers,Lobelias,Bach's Calicoflower,Downingia bacigalupii,#N/A,,283,0,,
Flowers,Clarkias,Dudley's Clarkia,Clarkia dudleyana,#N/A,,280,0,,
Flowers,Bellflowers,Western Pearlflower,Heterocodon rariflorus,#N/A,,279,52,6,
Flowers,Bellflowers,Common Bluecup,Githopsis specularioides,#N/A,,278,136,4,
Flowers,Monkeyflowers,Miniature Monkeyflower,Erythranthe suksdorfii,#N/A,,273,0,,
Flowers,Monkeyflowers,Granite-crack Monkeyflower,Diplacus graniticola,#N/A,,272,0,,
Flowers,Monkeyflowers,Cut-leaved Monkeyflower,Erythranthe laciniata,#N/A,,266,0,,
Flowers,Orchids,Michael's Rein Orchid,Platanthera michaelii,#N/A,,264,122,5,
Flowers,Monkeyflowers,Cleveland's Bush Monkeyflower,Diplacus clevelandii,#N/A,,263,0,,
Flowers,Threadplants,Redtip Threadplant,Nemacladus orientalis,#N/A,,262,0,,
Flowers,Lilies,White Twisted-Stalk,Streptopus amplexifolius,#N/A,,260,0,,
Flowers,Lobelias,Hoover's Calicoflower,Downingia bella,2026-04-18,US-CA,254,127,,
Flowers,Lobelias,Dwarf Calicoflower,Downingia pusilla,#N/A,,253,243,4,
Flowers,Lilies,Bolander's Lily,Lilium bolanderi,#N/A,,252,0,,
Flowers,Lobelias,Folded Calicoflower,Downingia ornatissima,#N/A,,252,109,5,Near Mather (Sac area)
Flowers,Clarkias,Chaparral Clarkia,Clarkia affinis,#N/A,,250,221,5,
Flowers,Monkeyflowers,Palomar Monkeyflower,Erythranthe diffusa,#N/A,,250,0,,
Flowers,Lilies,Sagebrush Mariposa Lily,Calochortus macrocarpus,#N/A,,246,0,,
Flowers,Monkeyflowers,Bearded Monkeyflower,Erythranthe barbata,#N/A,,245,0,,
Flowers,Lobelias,Dunn's Lobelia,Palmerella debilis,#N/A,,238,0,,
Flowers,Lilies,Beavertail-Grass,Calochortus coeruleus,#N/A,,236,0,,
Flowers,Clarkias,Gunsight Clarkia,Clarkia xantiana,#N/A,,233,0,,
Flowers,Bellflowers,Venus's Looking-Glass,Triodanis biflora,#N/A,,229,27,,
Flowers,Lilies,Dunn's Mariposa Lily,Calochortus dunnii,#N/A,,229,0,,
Flowers,Lobelias,Fleshy Porterella,Porterella carnosula,#N/A,,226,0,,
Flowers,Hellebores & Trilliums,Meadow Deathcamas,Toxicoscordion venenosum,#N/A,,224,15,,
Flowers,Orchids,Alaska Rein Orchid,Platanthera unalascensis,#N/A,,223,11,,
Flowers,Lilies,Glacier Lily,Erythronium grandiflorum,#N/A,,222,0,,
Flowers,Monkeyflowers,Coralline Monkeyflower,Erythranthe corallina,#N/A,,215,0,,
Flowers,Clarkias,Davy's Clarkia,Clarkia davyi,#N/A,,209,194,6,
Flowers,Monkeyflowers,Rockjasmine Monkeyflower,Erythranthe androsacea,#N/A,,209,10,,
Flowers,Monkeyflowers,Purplelip Pansy Monkeyflower,Diplacus angustatus,#N/A,,201,102,4,
Flowers,Monkeyflowers,Dwarf Purple Monkeyflower,Diplacus nanus,#N/A,,200,0,,
Flowers,Lilies,Alkali Mariposa Lily,Calochortus striatus,#N/A,,199,0,,
Flowers,Threadplants,Desert Nemacladus,Nemacladus tenuis,#N/A,,189,0,,
Flowers,Orchids,Western Ladies' Tresses,Spiranthes porrifolia,#N/A,,185,81,6,
Flowers,Threadplants,Inyo Threadplant,Nemacladus sigmoideus,#N/A,,185,0,,
Flowers,Clarkias,Redspot Clarkia,Clarkia speciosa,#N/A,,184,0,,
Flowers,Lilies,La Panza Mariposa Lily,Calochortus simulans,#N/A,,183,0,,
Flowers,Monkeyflowers,Calico Monkeyflower,Diplacus pictus,#N/A,,183,0,,
Flowers,Violets,Hall's Violet,Viola hallii,#N/A,,183,0,,
Flowers,Lilies,Siskiyou Fritillary,Fritillaria glauca,#N/A,,182,0,,
Flowers,Monkeyflowers,Yellow-lip Pansy Monkeyflower,Diplacus pulchellus,#N/A,,179,0,,
Flowers,Monkeyflowers,Mojave Monkeyflower,Diplacus mohavensis,#N/A,,176,0,,
Flowers,Monkeyflowers,Montia-like Monkeyflower,Erythranthe montioides,#N/A,,175,0,,
Flowers,Clarkias,Glandular Clarkia,Clarkia arcuata,#N/A,,166,0,,
Flowers,Threadplants,Short-Flowered Threadplant,Nemacladus breviflorus,#N/A,,165,0,,
Flowers,Monkeyflowers,Threadleaf Primrose Monkeyflower,Erythranthe linearifolia,#N/A,,164,0,,
Flowers,Clarkias,Ramona Clarkia,Clarkia similis,#N/A,,163,0,,
Flowers,Monkeyflowers,Wingstem Monkeyflower,Erythranthe alsinoides,#N/A,,163,0,,
Flowers,Monkeyflowers,Johnston's Monkeyflower,Diplacus johnstonii,#N/A,,162,0,,
Flowers,Monkeyflowers,Parish's Monkeyflower,Erythranthe parishii,#N/A,,161,0,,
Flowers,Monkeyflowers,Congdon's Monkeyflower,Diplacus congdonii,#N/A,,160,100,3,
Flowers,Monkeyflowers,Rattan's Monkeyflower,Diplacus rattanii,#N/A,,159,136,5,Quill Hollow Ranch County Park (Santa Cruz)
Flowers,Lilies,Striped Adobe Lily,Fritillaria striata,#N/A,,156,0,,
Flowers,Monkeyflowers,Slender Monkeyflower,Diplacus leptaleus,#N/A,,155,0,,
Flowers,Clarkias,Mountain Clarkia,Clarkia heterandra,#N/A,,152,0,,
Flowers,Clarkias,Lewis' Clarkia,Clarkia lewisii,#N/A,,152,0,,
Flowers,Violets,Canary Violet,Viola praemorsa,#N/A,,151,0,,
Flowers,Orchids,Yadon's Rein Orchid,Platanthera yadonii,#N/A,,146,9,,
Flowers,Orchids,Heartleaf Twayblade,Neottia cordata,#N/A,,144,0,,
Flowers,Hellebores & Trilliums,Smallflower Deathcamas,Toxicoscordion fontanum,2026-04-10,US-CA,141,133,6,
Flowers,Lilies,Yellow Fritillary,Fritillaria pudica,#N/A,,140,0,,
Flowers,Monkeyflowers,Slender-stemmed Monkeyflower,Erythranthe filicaulis,#N/A,,140,0,,
Flowers,Monkeyflowers,Kelso Creek Monkeyflower,Erythranthe shevockii,#N/A,,139,0,,
Flowers,Threadplants,Onesided Threadplant,Nemacladus secundiflorus,#N/A,,138,0,,
Flowers,Lilies,Coast Fawn Lily,Erythronium revolutum,#N/A,,135,0,,
Flowers,Monkeyflowers,Redstem Monkeyflower,Erythranthe rubella,#N/A,,133,0,,
Flowers,Bellflowers,San Gabriel Bluecup,Githopsis diffusa,#N/A,,131,12,,
Flowers,Orchids,Cooper's Rein Orchid,Platanthera cooperi,#N/A,,130,0,,
Flowers,Monkeyflowers,Stanislaus Monkeyflower,Erythranthe marmorata,#N/A,,129,0,,
Flowers,Monkeyflowers,Party-colored Monkeyflower,Erythranthe discolor,#N/A,,127,0,,
Flowers,Lilies,Talus Fritillary,Fritillaria falcata,#N/A,,126,97,4,
Flowers,Monkeyflowers,Jepson's Monkeyflower,Diplacus jepsonii,#N/A,,122,0,,
Flowers,Clarkias,Waltham Creek Clarkia,Clarkia modesta,#N/A,,121,104,5,
Flowers,Lilies,Cedars Mariposa Lily,Calochortus raichei,#N/A,,121,121,6,
Flowers,Orchids,Broad-lipped Twayblade,Neottia convallarioides,#N/A,,121,0,,
Flowers,Lilies,Shirley Meadows Star-Tulip,Calochortus westonii,#N/A,,118,0,,
Flowers,Threadplants,Long-flowered Nemacladus,Nemacladus longiflorus,#N/A,,118,0,,
Flowers,Monkeyflowers,Santa Susana Monkeyflower,Diplacus rutilus,#N/A,,114,0,,
Flowers,Threadplants,White Mountains Threadplant,Nemacladus morefieldii,#N/A,,113,0,,
Flowers,Monkeyflowers,Pulsifer's Monkey-Flower,Erythranthe pulsiferae,#N/A,,109,12,,
Flowers,Orchids,Mountain Lady's-Slipper,Cypripedium montanum,#N/A,,108,0,,
Flowers,Bellflowers,Chaparral Harebell,Ravenella exigua,#N/A,,106,101,5,
Flowers,Lilies,Cat's Ear,Calochortus elegans,#N/A,,103,0,,
Flowers,Threadplants,Badger Flat Threadplant,Nemacladus inyoensis,#N/A,,102,0,,
Flowers,Lilies,Butte County Fritillary,Fritillaria eastwoodiae,#N/A,,100,0,,
Flowers,Monkeyflowers,Low Bush Monkeyflower,Diplacus aridus,#N/A,,99,0,,
Flowers,Monkeyflowers,Parry Monkeyflower,Diplacus parryi,#N/A,,99,0,,
Flowers,Monkeyflowers,Irish Hills Monkeyflower,Erythranthe serpentinicola,#N/A,,98,0,,
Flowers,Monkeyflowers,Bare Monkeyflower,Erythranthe nudata,#N/A,,95,76,4,
Flowers,Orchids,Great Basin Bog Orchid,Platanthera tescamnis,#N/A,,95,0,,
Flowers,Lilies,San Benito Fritillary,Fritillaria viridea,#N/A,,93,0,,
Flowers,Threadplants,Nuttall's Threadplant,Nemacladus ramosissimus,#N/A,,90,0,,
Flowers,Monkeyflowers,Field Monkey-Flower,Erythranthe arvensis,#N/A,,88,31,,
Flowers,Monkeyflowers,Little Purple Monkeyflower,Erythranthe purpurea,#N/A,,87,0,,
Flowers,Bellflowers,Rough Harebell,Campanula scabrella,#N/A,,86,0,,
Flowers,Orchids,Clustered Lady's Slipper,Cypripedium fasciculatum,2025-08-03,US-CO,84,0,,
Flowers,Bellflowers,Sierra Bluecup,Githopsis pulchella,#N/A,,83,0,,
Flowers,Lilies,Inyo Star-Tulip,Calochortus excavatus,#N/A,,83,0,,
Flowers,Monkeyflowers,Palmer's Monkeyflower,Erythranthe palmeri,#N/A,,83,0,,
Flowers,Orchids,Northwestern Twayblade,Neottia banksiana,#N/A,,81,0,,
Flowers,Monkeyflowers,Pink-margined Monkeyflower,Erythranthe trinitiensis,#N/A,,80,0,,
Flowers,Monkeyflowers,Dense Fruited Monkeyflower,Diplacus constrictus,#N/A,,79,0,,
Flowers,Clarkias,Sierra Clarkia,Clarkia virgata,#N/A,,78,0,,
Flowers,Lilies,Siskiyou Mariposa Lily,Calochortus persistens,#N/A,,78,0,,
Flowers,Orchids,Narrow-petaled Rein-Orchid,Platanthera leptopetala,#N/A,,77,47,,
Flowers,Clarkias,Lake Almanor Clarkia,Clarkia stellata,#N/A,,74,0,,
Flowers,Hellebores & Trilliums,Desert Deathcamas,Toxicoscordion brevibracteatum,#N/A,,72,0,,
Flowers,Hellebores & Trilliums,Siskiyou False-Hellebore,Veratrum insolitum,#N/A,,72,0,,
Flowers,Threadplants,Owens Valley Threadplant,Nemacladus matsonii,#N/A,,70,0,,
Flowers,Violets,Baker's Violet,Viola bakeri,#N/A,,67,0,,
Flowers,Threadplants,Combleaf Threadplant,Nemacladus pinnatifidus,#N/A,,65,0,,
Flowers,Lilies,Winding Mariposa Lily,Calochortus flexuosus,#N/A,,64,0,,
Flowers,Monkeyflowers,Limestone Monkeyflower,Erythranthe calcicola,#N/A,,64,0,,
Flowers,Clarkias,Prostrate Clarkia,Clarkia prostrata,#N/A,,63,0,,
Flowers,Threadplants,Eastwood's Threadplant,Nemacladus eastwoodiae,#N/A,,63,0,,
Flowers,Threadplants,Mountain Threadplant,Nemacladus montanus,#N/A,,61,52,5,Del Puerto Canyon Rd
Flowers,Monkeyflowers,Shasta Limestone Monkeyflower,Erythranthe taylorii,#N/A,,60,0,,
Flowers,Bellflowers,Scouler's Harebell,Campanula scouleri,#N/A,,59,0,,
Flowers,Bellflowers,Griffin's Bellflower,Ravenella griffinii,#N/A,,58,56,6,
Flowers,Clarkias,Mildred's Clarkia,Clarkia mildrediae,#N/A,,57,0,,
Flowers,Lilies,Cream Fawn Lily,Erythronium citrinum,#N/A,,56,0,,
Flowers,Monkeyflowers,Vandenberg Monkeyflower,Diplacus vandenbergensis,#N/A,,53,0,,
Flowers,Violets,Felt-leaved Violet,Viola tomentosa,#N/A,,52,0,,
Flowers,Lilies,Greenhorn Fritillary,Fritillaria brandegeei,#N/A,,51,0,,
Flowers,Monkeyflowers,Small-flowered Monkeyflower,Erythranthe inconspicua,#N/A,,51,19,,
Flowers,Orchids,Whiteflower Rein Orchid,Platanthera ephemerantha,#N/A,,50,12,,
Flowers,Lilies,Klamath Fawn Lily,Erythronium klamathense,#N/A,,48,0,,
Flowers,Clarkias,Springville Clarkia,Clarkia springvillensis,#N/A,,47,0,,
Flowers,Monkeyflowers,Sonora Pass Monkeyflower,Erythranthe howaldiae,#N/A,,47,0,,
Flowers,Threadplants,Nemacladus parikhiae,Nemacladus parikhiae,#N/A,,46,0,,
Flowers,Monkeyflowers,Carson Valley Monkeyflower,Erythranthe carsonensis,#N/A,,44,0,,
Flowers,Clarkias,Lassen Clarkia,Clarkia lassenensis,#N/A,,42,0,,
Flowers,Lilies,Tuolumne Fawn Lily,Erythronium tuolumnense,#N/A,,42,0,,
Flowers,Monkeyflowers,Pennell’s Panther,Erythranthe pardalis,#N/A,,42,0,,
Flowers,Monkeyflowers,Viscid Monkeyflower,Diplacus viscidus,#N/A,,41,0,,
Flowers,Orchids,Coleman's Rein Orchid,Platanthera colemanii,#N/A,,41,0,,
Flowers,Violets,Primrose-leaved Violet,Viola primulifolia,#N/A,,41,0,,
Flowers,Lobelias,Sierra Calicoflower,Downingia montana,#N/A,,39,0,,
Flowers,Hellebores & Trilliums,Green False Hellebore,Veratrum viride,2024-07-17,CA-AB,38,0,,
Flowers,Lilies,Panamint Mariposa Lily,Calochortus panamintensis,#N/A,,38,0,,
Flowers,Monkeyflowers,Slender-stalked Monkeyflower,Erythranthe gracilipes,#N/A,,38,0,,
Flowers,Monkeyflowers,Lewis' Monkeyflower,Erythranthe lewisii,#N/A,,38,0,,
Flowers,Bellflowers,Castle Crags Harebell,Campanula shetleri,#N/A,,36,0,,
Flowers,Monkeyflowers,Fern-leaved Monkeyflower,Erythranthe filicifolia,#N/A,,36,0,,
Flowers,Lilies,Long-haired Star-Tulip,Calochortus longibarbatus,#N/A,,35,0,,
Flowers,Threadplants,Mojave Dwarf,Nemacladus californicus,#N/A,,34,0,,
Flowers,Threadplants,Sierra Threadplant,Nemacladus interior,#N/A,,33,0,,
Flowers,Threadplants,Nemacladus richardsiae,Nemacladus richardsiae,#N/A,,33,0,,
Flowers,Lilies,Shasta Fawn Lily,Erythronium shastense,#N/A,,31,0,,
Flowers,Monkeyflowers,Compact Monkeyflower,Diplacus compactus,#N/A,,31,0,,
Flowers,Bellflowers,Western Harebell,Campanula petiolata,#N/A,,30,0,,
Flowers,Monkeyflowers,Sierra Nevada Monkeyflower,Erythranthe sierrae,#N/A,,30,0,,
Flowers,Threadplants,Common Threadplant,Nemacladus capillaris,#N/A,,30,0,,
Flowers,Violets,Banks' Violet,Viola banksii,#N/A,,29,12,,
Flowers,Monkeyflowers,Kings River Monkeyflower,Erythranthe acutidens,#N/A,,28,0,,
Flowers,Threadplants,Twisselmann's Nemacladus,Nemacladus twisselmannii,#N/A,,28,0,,
Flowers,Lilies,Western Lily,Lilium occidentale,#N/A,,27,0,,
Flowers,Lobelias,Legenere,Legenere valdiviana,#N/A,,27,15,,
Flowers,Monkeyflowers,San Bernardino Mountains Monkeyflower,Erythranthe exigua,#N/A,,27,0,,
Flowers,Monkeyflowers,Kaweah Monkeyflower,Erythranthe norrisii,#N/A,,27,0,,
Flowers,Bellflowers,Wilkins' Harebell,Smithiastrum wilkinsianum,#N/A,,26,0,,
Flowers,Monkeyflowers,Ephemeral Monkeyflower,Erythranthe inflatula,#N/A,,26,0,,
Flowers,Orchids,Languid Ladies'-Tresses,Spiranthes perexilis,#N/A,,26,0,,
Flowers,Clarkias,Temblor Range Clarkia,Clarkia tembloriensis,#N/A,,25,2,,
Flowers,Clarkias,Kern River Clarkia,Clarkia exilis,#N/A,,25,0,,
Flowers,Monkeyflowers,Serpentine Canyon Monkeyflower,Erythranthe percaulis,#N/A,,24,0,,
Flowers,Lilies,Greene's Mariposa Lily,Calochortus greenei,#N/A,,23,0,,
Flowers,Violets,Alpine Marsh Violet,Viola palustris,#N/A,,23,0,,
Flowers,Lilies,Giant White Fawn Lily,Erythronium oregonum,#N/A,,22,0,,
Flowers,Monkeyflowers,Scouler's Monkeyflower,Erythranthe scouleri,#N/A,,22,22,,
Flowers,Lilies,Kaweah Fawn Lily,Erythronium pusaterii,#N/A,,21,0,,
Flowers,Monkeyflowers,Utah Monkeyflower,Erythranthe utahensis,#N/A,,21,0,,
Flowers,Clarkias,Vine Hill Clarkia,Clarkia imbricata,#N/A,,20,20,,
Flowers,Monkeyflowers,Tinytooter Monkeyflower,Erythranthe cordata,#N/A,,20,0,,
Flowers,Monkeyflowers,Willis’s Monkeyflower,Erythranthe willisii,#N/A,,20,0,,
Flowers,Violets,Northern Bog Violet,Viola nephrophylla,#N/A,,20,0,,
Flowers,Hellebores & Trilliums,Bronze-Bells,Anticlea occidentalis,#N/A,,19,0,,
Flowers,Monkeyflowers,Broadtooth Monkeyflower,Erythranthe latidens,#N/A,,19,4,,
Flowers,Monkeyflowers,Erythranthe bergeri,Erythranthe bergeri,#N/A,,19,0,,
Flowers,Lilies,Shuteye Peak Fawn Lily,Erythronium pluriflorum,#N/A,,18,0,,
Flowers,Monkeyflowers,Thompson's Monkeyflower,Diplacus thompsonii,#N/A,,18,0,,
Flowers,Clarkias,Mosquin's Clarkia,Clarkia mosquinii,#N/A,,17,0,,
Flowers,Bellflowers,Eastwood's Bellflower,Ravenella angustiflora,#N/A,,16,11,,
Flowers,Hellebores & Trilliums,Smallflower Deathcamas,Toxicoscordion micranthum,#N/A,,15,3,,
Flowers,Threadplants,Slender Threadplant,Nemacladus gracilis,#N/A,,14,0,,
Flowers,Bellflowers,Sharsmith's Harebell,Ravenella sharsmithiae,#N/A,,13,13,,
Flowers,Bellflowers,Throatwort,Trachelium caeruleum,#N/A,,13,0,,
Flowers,Lilies,Pilot Ridge Fawn Lily,Erythronium taylorii,#N/A,,13,0,,
Flowers,Lobelias,Californian Lobelia,Downingia elegans,#N/A,,13,0,,
Flowers,Orchids,Yosemite Bog Orchid,Platanthera yosemitensis,#N/A,,13,0,,
Flowers,Lobelias,Cardinal Flower,Lobelia cardinalis,#N/A,,12,0,,
Flowers,Orchids,Slender Bog Orchid,Platanthera stricta,#N/A,,12,0,,
Flowers,Bellflowers,Bluebell of Scotland,Campanula rotundifolia,2023-09-06,NO-03,11,0,,
Flowers,Lilies,Callahan's Mariposa Lily,Calochortus syntrophus,#N/A,,11,0,,
Flowers,Lobelias,Cascade Calicoflower,Downingia yina,#N/A,,11,0,,
Flowers,Threadplants,Chimney Creek Nemacladus,Nemacladus calcaratus,#N/A,,11,0,,
Flowers,Clarkias,Northern Clarkia,Clarkia borealis,#N/A,,10,0,,
Flowers,Clarkias,Merced Clarkia,Clarkia lingulata,#N/A,,10,0,,
Flowers,Monkeyflowers,Egg Lake Monkeyflower,Diplacus pygmaeus,#N/A,,10,0,,
Flowers,Threadplants,Long-haired Threadplant,Nemacladus bellus,#N/A,,10,0,,
Frogs & Toads,Tree Frogs & Allies,Pacific Chorus Frog,Pseudacris regilla,2023-08-20,US-CA,"31,387","11,575",,
Frogs & Toads,True Toads,Western Toad,Anaxyrus boreas,2025-05-28,US-CA,"14,887","2,875",,Patrick Hannah Grove Picnic Area
Frogs & Toads,Typical Frogs,American Bullfrog,Lithobates catesbeianus,2023-11-05,US-CA,"6,964","2,497",,
Frogs & Toads,Tree Frogs & Allies,California Tree Frog,Pseudacris cadaverina,#N/A,,"5,249",0,,Hills near LA
Frogs & Toads,Typical Frogs,Foothill Yellow-legged Frog,Rana boylii,2025-05-26,US-CA,"3,359","1,007",,
Frogs & Toads,Typical Frogs,California Red-legged Frog,Rana draytonii,2023-09-17,US-CA,"2,337","1,644",,
Frogs & Toads,North American Spadefoots,Western Spadefoot,Spea hammondii,#N/A,,"1,478",58,2,
Frogs & Toads,Typical Frogs,Northern Red-legged Frog,Rana aurora,#N/A,,"1,095",0,,Mendocino/Arcata
Frogs & Toads,True Toads,Red-spotted Toad,Anaxyrus punctatus,2023-11-25,US-CA,"1,063",0,,
Frogs & Toads,True Toads,Yosemite Toad,Anaxyrus canorus,#N/A,,418,0,,
Frogs & Toads,Typical Frogs,Sierra Nevada Yellow-legged Frog,Rana sierrae,#N/A,,401,0,,
Frogs & Toads,Typical Frogs,Cascades Frog,Rana cascadae,#N/A,,348,0,,
Frogs & Toads,Clawed Frogs,African Clawed Frog,Xenopus laevis,#N/A,,329,0,,
Frogs & Toads,True Toads,Arroyo Toad,Anaxyrus californicus,#N/A,,311,0,,
Frogs & Toads,Tailed Frogs,Coastal Tailed Frog,Ascaphus truei,#N/A,,245,0,,
Frogs & Toads,True Toads,Woodhouse's Toad,Anaxyrus woodhousii,#N/A,,217,0,,
Frogs & Toads,True Toads,Black Toad,Anaxyrus exsul,#N/A,,196,0,,
Frogs & Toads,North American Spadefoots,Great Basin Spadefoot,Spea intermontana,#N/A,,129,0,,
Frogs & Toads,Typical Frogs,Southern Mountain Yellow-legged Frog,Rana muscosa,#N/A,,80,0,,
Frogs & Toads,Typical Frogs,Rio Grande Leopard Frog,Lithobates berlandieri,#N/A,,73,0,,
Frogs & Toads,True Toads,Great Plains Toad,Anaxyrus cognatus,#N/A,,24,0,,
Frogs & Toads,North American Spadefoots,Couch's Spadefoot,Scaphiopus couchii,#N/A,,22,0,,
Lizards,Phrynosomatid Lizards,Western Fence Lizard,Sceloporus occidentalis,2023-04-22,US-CA,"121,366","30,867",,
Lizards,Phrynosomatid Lizards,Common Side-blotched Lizard,Uta stansburiana,2023-11-25,US-CA,"34,381",155,,
Lizards,Glass & Alligator Lizards,Southern Alligator Lizard,Elgaria multicarinata,2023-09-24,US-CA,"27,546","7,439",,
Lizards,Whiptails & Tegus,Western Whiptail,Aspidoscelis tigris,2023-04-23,US-CA,"9,497",846,,
Lizards,Skinks,Western Skink,Plestiodon skiltonianus,2024-07-06,US-CA,"6,166","2,760",,
Lizards,Phrynosomatid Lizards,Blainville's Horned Lizard,Phrynosoma blainvillii,#N/A,,"5,809",281,4,
Lizards,Iguanas & Chuckwallas,Common Chuckwalla,Sauromalus ater,#N/A,,"4,398",0,,Palm Springs/J Tree
Lizards,Phrynosomatid Lizards,Granite Spiny Lizard,Sceloporus orcutti,#N/A,,"4,356",0,,Palm Springs/Riverside
Lizards,Glass & Alligator Lizards,Northern Alligator Lizard,Elgaria coerulea,2023-08-19,US-CA,"4,134","2,225",,
Lizards,Iguanas & Chuckwallas,Desert Iguana,Dipsosaurus dorsalis,#N/A,,"3,727",0,,Anza Borego/Palm Springs
Lizards,Phrynosomatid Lizards,Zebra-tailed Lizard,Callisaurus draconoides,2023-05-09,US-AZ,"3,035",0,,
Lizards,Phrynosomatid Lizards,Desert Horned Lizard,Phrynosoma platyrhinos,#N/A,,"2,741",0,,
Lizards,Phrynosomatid Lizards,Desert Spiny Lizard,Sceloporus magister,#N/A,,"2,515",0,,
Lizards,Phrynosomatid Lizards,Southern Sagebrush Lizard,Sceloporus vandenburgianus,#N/A,,"2,367",0,,
Lizards,Phrynosomatid Lizards,Common Sagebrush Lizard,Sceloporus graciosus,2025-05-10,US-CA,"2,329",205,,
Lizards,Whiptails & Tegus,Orange-throated Whiptail,Aspidoscelis hyperythrus,#N/A,,"2,190",0,,
Lizards,Collared Lizards,Long-nosed Leopard Lizard,Gambelia wislizenii,#N/A,,"1,598",0,,Mojave/Colorado desert
Lizards,Eyelid Geckos,Western Banded Gecko,Coleonyx variegatus,#N/A,,"1,523",0,,
Lizards,Phrynosomatid Lizards,Yellow-backed Spiny Lizard,Sceloporus uniformis,#N/A,,"1,354",0,,Joshua Tree
Lizards,Anoles,Green Anole,Anolis carolinensis,#N/A,,"1,251",0,,San Diego
Lizards,Skinks,Gilbert's Skink,Plestiodon gilberti,#N/A,,"1,237",177,3,Effie Yeaw Nature Center (Sac area)
Lizards,Typical Geckos,Mediterranean Gecko,Hemidactylus turcicus,#N/A,,"1,102",42,,JTree
Lizards,Phrynosomatid Lizards,Banded Rock Lizard,Petrosaurus mearnsi,#N/A,,957,0,,
Lizards,Collared Lizards,Desert Collared Lizard,Crotaphytus bicinctores,#N/A,,905,0,,
Lizards,Glass & Alligator Lizards,San Diegan Legless Lizard,Anniella stebbinsi,#N/A,,893,0,,
Lizards,Night Lizards,Desert Night Lizard,Xantusia vigilis,#N/A,,877,0,,
Lizards,Phrynosomatid Lizards,Flat-tailed Horned Lizard,Phrynosoma mcallii,#N/A,,768,0,,
Lizards,Wall Lizards,Italian Wall Lizard,Podarcis siculus,#N/A,,684,0,,
Lizards,Phrynosomatid Lizards,Mojave Fringe-toed Lizard,Uma scoparia,#N/A,,502,0,,
Lizards,Phrynosomatid Lizards,Long-tailed Brush Lizard,Urosaurus graciosus,#N/A,,452,0,,
Lizards,Night Lizards,Granite Night Lizard,Xantusia henshawi,#N/A,,377,0,,
Lizards,Phrynosomatid Lizards,Coachella Valley Fringe-toed Lizard,Uma inornata,#N/A,,323,0,,
Lizards,Glass & Alligator Lizards,Northern Legless Lizard,Anniella pulchra,#N/A,,313,17,,
Lizards,Anoles,Brown Anole,Anolis sagrei,2022-03-15,US-HI,296,0,,
Lizards,Collared Lizards,Blunt-nosed Leopard Lizard,Gambelia sila,#N/A,,289,0,,
Lizards,Night Lizards,Island Night Lizard,Xantusia riversiana,#N/A,,259,0,,
Lizards,Phrynosomatid Lizards,Colorado Desert Fringe-toed Lizard,Uma notata,#N/A,,191,0,,
Lizards,Collared Lizards,Baja California Collared Lizard,Crotaphytus vestigium,#N/A,,183,0,,
Lizards,Whiptails & Tegus,Sonoran Spotted Whiptail,Aspidoscelis sonorae,#N/A,,177,8,,
Lizards,Phyllodactylid Geckos,Peninsular Leaf-toed Gecko,Phyllodactylus nocticolus,#N/A,,161,0,,
Lizards,Phyllodactylid Geckos,Moorish Gecko,Tarentola mauritanica,#N/A,,149,0,,
Lizards,Phrynosomatid Lizards,Black-tailed Brush Lizard,Urosaurus nigricauda,#N/A,,70,0,,
Lizards,Phrynosomatid Lizards,Ornate Tree Lizard,Urosaurus ornatus,#N/A,,62,0,,
Lizards,Typical Geckos,Indo-Pacific House Gecko,Hemidactylus garnotii,#N/A,,36,0,,
Lizards,Typical Geckos,Flat-tailed House Gecko,Hemidactylus platyurus,#N/A,,27,0,,
Lizards,Typical Geckos,Tropical House Gecko,Hemidactylus mabouia,#N/A,,20,0,,
Lizards,Collared Lizards,Cope's Leopard Lizard,Gambelia copeii,#N/A,,18,0,,
Lizards,Night Lizards,Sandstone Night Lizard,Xantusia gracilis,#N/A,,17,0,,
Lizards,Phrynosomatid Lizards,Pygmy Short-horned Lizard,Phrynosoma douglasii,#N/A,,17,0,,
Lizards,Dragons,Central Bearded Dragon,Pogona vitticeps,#N/A,,13,0,,
Lizards,Glass & Alligator Lizards,Bakersfield Legless Lizard,Anniella grinnelli,#N/A,,12,0,,
Lizards,Eyelid Geckos,Barefoot Banded Gecko,Coleonyx switaki,#N/A,,11,0,,
Lizards,Night Lizards,Baja California Night Lizard,Xantusia wigginsi,#N/A,,11,0,,
Lizards,Phyllodactylid Geckos,Ringed Wall Gecko,Tarentola annularis,#N/A,,11,0,,
Lizards,Glass & Alligator Lizards,Panamint Alligator Lizard,Elgaria panamintina,#N/A,,10,0,,
Lizards,Glass & Alligator Lizards,Big Spring Legless Lizard,Anniella campi,#N/A,,10,0,,
Mammals,Deer,Mule Deer,Odocoileus hemionus,2023-07-02,US-CA,"48,313","21,856",,
Mammals,Squirrels,California Ground Squirrel,Otospermophilus beecheyi,2023-04-15,US-CA,"38,064","9,181",,
Mammals,Squirrels,Eastern Fox Squirrel,Sciurus niger,2023-08-16,US-CA,"31,959","8,282",,
Mammals,Canids,Coyote,Canis latrans,2023-03-18,US-CA,"26,156","9,971",,
Mammals,Hares & Rabbits,Desert Cottontail,Sylvilagus audubonii,2023-11-25,US-CA,"19,809",897,,
Mammals,Eared Seals,California Sea Lion,Zalophus californianus,2023-02-18,US-CA,"18,340","4,626",,
Mammals,Earless Seals,Harbor Seal,Phoca vitulina,2023-04-30,US-CA,"13,775","5,104",,
Mammals,"Raccoons, Coatis, & Allies",Common Raccoon,Procyon lotor,2023-09-17,US-CA,"12,730","5,079",,
Mammals,Felids,Bobcat,Lynx rufus,2023-05-19,US-CA,"11,679","4,615",,
Mammals,Squirrels,Western Gray Squirrel,Sciurus griseus,2023-09-24,US-CA,"10,572","2,833",,
Mammals,Hares & Rabbits,Black-tailed Jackrabbit,Lepus californicus,2023-03-17,US-CA,"8,342","4,076",,
Mammals,Pocket Gophers,Botta's Pocket Gopher,Thomomys bottae,2023-10-14,US-CA,"8,279","3,409",,
Mammals,Mustelids,Sea Otter,Enhydra lutris,2023-07-04,US-CA,"7,166","1,722",,
Mammals,Canids,Gray Fox,Urocyon cinereoargenteus,2023-05-06,US-AZ,"7,025","2,423",,
Mammals,Earless Seals,Northern Elephant Seal,Mirounga angustirostris,2020-01-20,US-CA,"6,953","3,288",,
Mammals,Skunks & Stink-Badgers,Striped Skunk,Mephitis mephitis,2024-07-28,US-CA,"6,867","2,108",,
Mammals,Hares & Rabbits,Brush Rabbit,Sylvilagus bachmani,2023-08-16,US-CA,"6,714","4,398",,
Mammals,Opossums,Virginia Opossum,Didelphis virginiana,#N/A,,"6,414","2,062",4,
Mammals,Bears,American Black Bear,Ursus americanus,2024-09-22,US-CA,"6,346",227,,
Mammals,Deer,Elk,Cervus canadensis,2023-11-11,US-CA,"5,570","2,341",,
Mammals,Squirrels,Eastern Gray Squirrel,Sciurus carolinensis,2023-11-18,US-OH,"5,525","5,465",,
Mammals,Felids,Mountain Lion,Puma concolor,#N/A,,"3,925","1,809",1,
Mammals,Mustelids,North American River Otter,Lontra canadensis,2023-05-17,US-CA,"3,905","2,330",,
Mammals,Bovids,Bighorn Sheep,Ovis canadensis,2024-07-19,CA-AB,"3,588",0,,
Mammals,Rorquals,Humpback Whale,Megaptera novaeangliae,2023-09-16,US-CA,"3,194","1,243",,
Mammals,Squirrels,White-tailed Antelope Squirrel,Ammospermophilus leucurus,2025-05-18,US-CA,"2,866",0,,Mojave/Colorado desert
Mammals,Squirrels,Golden-mantled Ground Squirrel,Callospermophilus lateralis,2024-08-06,US-CA,"2,655",0,,
Mammals,Oceanic Dolphins,Common Bottlenose Dolphin,Tursiops truncatus,2024-03-18,US-CA,"2,523",392,,
Mammals,Squirrels,Douglas' Squirrel,Tamiasciurus douglasii,2023-08-19,US-CA,"2,421",41,,
Mammals,Canids,Island Fox,Urocyon littoralis,2024-06-16,US-CA,"2,235",0,,
Mammals,Squirrels,Yellow-bellied Marmot,Marmota flaviventris,2025-05-21,US-CA,"2,110",0,,Sierras/Eastern Sierras
Mammals,Squirrels,Merriam's Chipmunk,Neotamias merriami,2024-06-14,US-CA,"1,859",752,,
Mammals,Beavers,American Beaver,Castor canadensis,2024-07-16,CA-AB,"1,806",914,,
Mammals,Moles & Desmans,Broad-footed Mole,Scapanus latimanus,#N/A,,"1,431",909,4,
Mammals,Mice & Rats,Dusky-footed Woodrat,Neotoma fuscipes,2025-07-21,US-CA,"1,415","1,234",,
Mammals,Suines,Wild Boar,Sus scrofa,2023-10-21,US-CA,"1,373",917,,
Mammals,Gray Whales,Gray Whale,Eschrichtius robustus,2023-04-29,US-CA,"1,308",540,,
Mammals,"Voles, Lemmings, & Muskrats",California Vole,Microtus californicus,2023-07-29,US-CA,"1,225",808,,
Mammals,Old World Mice & Rats,Black Rat,Rattus rattus,2025-11-07,US-CA,"1,005",341,,
Mammals,Mustelids,Long-tailed Weasel,Neogale frenata,#N/A,,"1,000",520,6,
Mammals,Oceanic Dolphins,Common Dolphin,Delphinus delphis,2024-06-18,US-CA,929,39,,
Mammals,Pikas,American Pika,Ochotona princeps,2024-07-17,CA-AB,872,0,,
Mammals,Oceanic Dolphins,Risso's Dolphin,Grampus griseus,2024-08-31,US-CA,805,81,,
Mammals,Mustelids,American Badger,Taxidea taxus,#N/A,,797,319,6,
Mammals,Squirrels,Belding's Ground Squirrel,Urocitellus beldingi,2023-08-05,US-CA,670,0,,
Mammals,Canids,Red Fox,Vulpes vulpes,#N/A,,658,334,5,
Mammals,Squirrels,Sonoma Chipmunk,Neotamias sonomae,2024-07-06,US-CA,650,624,,
Mammals,"Voles, Lemmings, & Muskrats",Muskrat,Ondatra zibethicus,2024-07-02,US-GA,640,403,,
Mammals,Squirrels,Humboldt's Flying Squirrel,Glaucomys oregonensis,#N/A,,630,1,,
Mammals,Moles & Desmans,American Shrewmole,Neurotrichus gibbsii,#N/A,,610,407,5,
Mammals,Free-tailed Bats,Mexican Free-tailed Bat,Tadarida brasiliensis,#N/A,,598,309,10,
Mammals,Pronghorns,Pronghorn,Antilocapra americana,2024-04-07,US-CO,544,0,,
Mammals,Old World Mice & Rats,Brown Rat,Rattus norvegicus,2024-09-09,US-CA,541,298,,
Mammals,Old World Mice & Rats,House Mouse,Mus musculus,#N/A,,482,197,10,
Mammals,Squirrels,Nelson's Antelope Squirrel,Ammospermophilus nelsoni,#N/A,,480,0,,
Mammals,Canids,Kit Fox,Vulpes macrotis,#N/A,,472,0,,
Mammals,Mustelids,American Mink,Neogale vison,2024-06-22,US-CA,462,213,,
Mammals,Squirrels,Lodgepole Chipmunk,Neotamias speciosus,2023-08-19,US-CA,440,0,,
Mammals,Eared Seals,Steller Sea Lion,Eumetopias jubatus,2023-09-16,US-CA,399,275,,
Mammals,Porpoises,Harbor Porpoise,Phocoena phocoena,2023-02-18,US-CA,392,255,,
Mammals,Rorquals,Blue Whale,Balaenoptera musculus,2024-06-18,US-CA,308,148,,
Mammals,Oceanic Dolphins,Orca,Orcinus orca,2025-08-24,US-CA,306,60,,
Mammals,Mice & Rats,Gambel's Deer Mouse,Peromyscus gambelii,2024-06-17,US-CA,304,24,,
Mammals,Evening Bats,Pallid Bat,Antrozous pallidus,#N/A,,279,67,6,Greathouse Visitor Center
Mammals,Oceanic Dolphins,Pacific White-sided Dolphin,Sagmatias obliquidens,2023-09-16,US-CA,274,92,,
Mammals,Skunks & Stink-Badgers,Western Spotted Skunk,Spilogale gracilis,#N/A,,262,28,,
Mammals,Mice & Rats,Big-eared Woodrat,Neotoma macrotis,#N/A,,261,0,,
Mammals,"Raccoons, Coatis, & Allies",Ringtail,Bassariscus astutus,#N/A,,258,7,,
Mammals,Kangaroo Rats & Pocket Mice,Desert Kangaroo Rat,Dipodomys deserti,#N/A,,254,0,,
Mammals,Evening Bats,Hoary Bat,Lasiurus cinereus,#N/A,,248,112,10,
Mammals,Evening Bats,Townsend's Big-eared Bat,Corynorhinus townsendii,#N/A,,247,30,,
Mammals,Kangaroo Rats & Pocket Mice,Merriam's Kangaroo Rat,Dipodomys merriami,#N/A,,236,0,,
Mammals,Hares & Rabbits,European Rabbit,Oryctolagus cuniculus,2023-08-31,PT-15,234,79,,
Mammals,Evening Bats,Canyon Bat,Parastrellus hesperus,#N/A,,226,3,,
Mammals,Mice & Rats,Western Deer Mouse,Peromyscus sonoriensis,#N/A,,210,105,5,
Mammals,Evening Bats,Big Brown Bat,Eptesicus fuscus,#N/A,,196,37,,
Mammals,Mice & Rats,Western Harvest Mouse,Reithrodontomys megalotis,#N/A,,190,53,9,
Mammals,Eared Seals,Northern Fur Seal,Callorhinus ursinus,2023-09-16,US-CA,187,199,,
Mammals,New World Porcupines,North American Porcupine,Erethizon dorsatum,#N/A,,175,8,,
Mammals,Squirrels,Round-tailed Ground Squirrel,Xerospermophilus tereticaudus,#N/A,,174,0,,
Mammals,Hares & Rabbits,Mountain Cottontail,Sylvilagus nuttallii,2025-08-03,US-CO,149,0,,
Mammals,Squirrels,Long-eared Chipmunk,Neotamias quadrimaculatus,2024-09-20,US-CA,132,0,,
Mammals,Rorquals,Fin Whale,Balaenoptera physalus,2024-08-31,US-CA,130,42,,
Mammals,Mice & Rats,Bryant's Woodrat,Neotoma bryanti,#N/A,,125,0,,
Mammals,Kangaroo Rats & Pocket Mice,Dulzura Kangaroo Rat,Dipodomys simulans,#N/A,,108,0,,
Mammals,Evening Bats,Western Red Bat,Lasiurus frantzii,#N/A,,103,42,,
Mammals,Evening Bats,Yuma Myotis,Myotis yumanensis,#N/A,,96,18,,
Mammals,Shrews,Vagrant Shrew,Sorex vagrans,#N/A,,93,46,,
Mammals,Hares & Rabbits,White-tailed Jackrabbit,Lepus townsendii,#N/A,,92,0,,
Mammals,Mice & Rats,Desert Woodrat,Neotoma lepida,#N/A,,88,0,,
Mammals,Mustelids,Pacific Marten,Martes caurina,#N/A,,87,0,,
Mammals,Kangaroo Rats & Pocket Mice,California Pocket Mouse,Chaetodipus californicus,#N/A,,84,18,,
Mammals,Kangaroo Rats & Pocket Mice,San Diego Pocket Mouse,Chaetodipus fallax,#N/A,,83,0,,
Mammals,Squirrels,Yellow-pine Chipmunk,Neotamias amoenus,2024-07-19,CA-AB,83,0,,
Mammals,Hares & Rabbits,Snowshoe Hare,Lepus americanus,#N/A,,78,0,,
Mammals,Kangaroo Rats & Pocket Mice,Heermann's Kangaroo Rat,Dipodomys heermanni,#N/A,,78,4,,
Mammals,Eared Seals,Guadalupe Fur Seal,Arctocephalus townsendi,2023-09-16,US-CA,77,61,,
Mammals,Evening Bats,Long-eared Myotis,Myotis evotis,#N/A,,73,13,,
Mammals,Oceanic Dolphins,Northern Right Whale Dolphin,Lissodelphis borealis,#N/A,,73,37,,
Mammals,Evening Bats,California Myotis,Myotis californicus,#N/A,,67,9,,
Mammals,Shrews,Ornate Shrew,Sorex ornatus,#N/A,,67,24,,
Mammals,Squirrels,Yellow-cheeked Chipmunk,Neotamias ochrogenys,#N/A,,66,10,,
Mammals,Squirrels,Least Chipmunk,Neotamias minimus,2023-10-14,US-CA,66,0,,
Mammals,Shrews,Trowbridge's Shrew,Sorex trowbridgii,#N/A,,64,28,,
Mammals,Evening Bats,Silver-haired Bat,Lasionycteris noctivagans,#N/A,,62,10,,
Mammals,Mustelids,Fisher,Pekania pennanti,#N/A,,58,1,,
Mammals,Mice & Rats,California Mouse,Peromyscus californicus,#N/A,,57,20,,
Mammals,Squirrels,California Chipmunk,Neotamias obscurus,#N/A,,57,0,,
Mammals,Squirrels,Shadow Chipmunk,Neotamias senex,#N/A,,57,0,,
Mammals,Kangaroo Rats & Pocket Mice,California Kangaroo Rat,Dipodomys californicus,#N/A,,56,12,,
Mammals,Kangaroo Rats & Pocket Mice,Giant Kangaroo Rat,Dipodomys ingens,#N/A,,56,0,,
Mammals,"Voles, Lemmings, & Muskrats",Sonoma Tree Vole,Arborimus pomo,#N/A,,47,6,,
Mammals,Mice & Rats,Northern Baja Deer Mouse,Peromyscus fraterculus,#N/A,,46,0,,
Mammals,Kangaroo Rats & Pocket Mice,Desert Pocket Mouse,Chaetodipus penicillatus,#N/A,,45,0,,
Mammals,Kangaroo Rats & Pocket Mice,Agile Kangaroo Rat,Dipodomys agilis,#N/A,,42,0,,
Mammals,Shrews,Crawford's Gray Shrew,Notiosorex crawfordi,#N/A,,42,0,,
Mammals,Porpoises,Dall's Porpoise,Phocoenoides dalli,2025-08-24,US-CA,40,18,,
Mammals,Squirrels,Alpine Chipmunk,Neotamias alpinus,#N/A,,35,0,,
Mammals,Rorquals,Common Minke Whale,Balaenoptera acutorostrata,#N/A,,33,11,,
Mammals,Squirrels,Mohave Ground Squirrel,Xerospermophilus mohavensis,#N/A,,33,0,,
Mammals,Squirrels,Siskiyou Chipmunk,Neotamias siskiyou,#N/A,,32,0,,
Mammals,Mice & Rats,Pinyon Mouse,Peromyscus truei,#N/A,,31,15,,
Mammals,Mice & Rats,Salt Marsh Harvest Mouse,Reithrodontomys raviventris,#N/A,,30,30,,
Mammals,Jumping Mice,Pacific Jumping Mouse,Zapus trinotatus,#N/A,,30,2,,
Mammals,Mice & Rats,Cactus Mouse,Peromyscus eremicus,#N/A,,29,0,,
Mammals,Canids,Gray Wolf,Canis lupus,#N/A,,26,0,,
Mammals,Mice & Rats,Bushy-tailed Woodrat,Neotoma cinerea,#N/A,,26,0,,
Mammals,Kangaroo Rats & Pocket Mice,Spiny Pocket Mouse,Chaetodipus spinatus,#N/A,,25,0,,
Mammals,Kangaroo Rats & Pocket Mice,Little Pocket Mouse,Perognathus longimembris,#N/A,,24,0,,
Mammals,Mice & Rats,Brush Mouse,Peromyscus boylii,#N/A,,23,7,,
Mammals,Pocket Gophers,Mountain Pocket Gopher,Thomomys monticola,#N/A,,23,0,,
Mammals,Mustelids,Short-tailed Weasel,Mustela richardsonii,2026-02-15,US-MN,22,4,,
Mammals,Squirrels,Panamint Chipmunk,Neotamias panamintinus,2025-05-18,US-CA,21,0,,
Mammals,Kangaroo Rats & Pocket Mice,Long-tailed Pocket Mouse,Chaetodipus formosus,#N/A,,20,0,,
Mammals,Evening Bats,Little Brown Bat,Myotis lucifugus,#N/A,,19,4,,
Mammals,Kangaroo Rats & Pocket Mice,Fresno Kangaroo Rat,Dipodomys nitratoides,#N/A,,19,0,,
Mammals,Moles & Desmans,Coast Mole,Scapanus orarius,#N/A,,19,1,,
Mammals,Squirrels,Townsend's Chipmunk,Neotamias townsendii,#N/A,,19,0,,
Mammals,True Sperm Whales,Sperm Whale,Physeter macrocephalus,#N/A,,19,18,,
Mammals,Mountain Beavers,Mountain Beaver,Aplodontia rufa,#N/A,,18,0,,
Mammals,Squirrels,Rock Squirrel,Otospermophilus variegatus,2024-04-08,US-CO,18,0,,
Mammals,Shrews,Fog Shrew,Sorex sonomae,#N/A,,14,4,,
Mammals,Kangaroo Rats & Pocket Mice,San Joaquin Pocket Mouse,Perognathus inornatus,#N/A,,13,2,,
Mammals,New World Leaf-nosed Bats,California Leaf-nosed Bat,Macrotus californicus,#N/A,,13,0,,
Mammals,Evening Bats,Fringed Myotis,Myotis thysanodes,#N/A,,12,1,,
Mammals,Free-tailed Bats,Western Bonneted Bat,Eumops perotis,#N/A,,12,1,,
Mammals,Evening Bats,Western Yellow Bat,Lasiurus xanthinus,#N/A,,11,0,,
Mammals,Mice & Rats,Southern Grasshopper Mouse,Onychomys torridus,#N/A,,11,0,,
Mammals,Shrews,Ticul's Desert Shrew,Notiosorex tataticuli,#N/A,,11,0,,
Mammals,Evening Bats,Long-legged Myotis,Myotis volans,#N/A,,10,0,,
Mammals,Evening Bats,Western Small-footed Myotis,Myotis ciliolabrum,#N/A,,10,0,,
Mammals,Free-tailed Bats,Pocketed Free-tailed Bat,Nyctinomops femorosaccus,#N/A,,10,0,,
Mammals,Free-tailed Bats,Big Free-tailed Bat,Nyctinomops macrotis,#N/A,,10,0,,
Mammals,Kangaroo Rats & Pocket Mice,Panamint Kangaroo Rat,Dipodomys panamintinus,#N/A,,10,0,,
Mammals,Oceanic Dolphins,Striped Dolphin,Stenella coeruleoalba,#N/A,,10,1,,
Moths,Sphinx Moths,White-lined Sphinx,Hyles lineata,2023-08-19,US-CA,"17,590","2,090",,
Moths,Sphinginae,Carolina Sphinx,Manduca sexta,#N/A,,"3,188",673,9,
Moths,Emperor Moths,Ceanothus Silk Moth,Hyalophora euryalus,#N/A,,"2,509",970,4,
Moths,Smerinthinae,Western Eyed Sphinx,Smerinthus ophthalmica,#N/A,,"1,199",373,8,
Moths,Buck & Io Moths,Western Sheep Moth,Hemileuca eglanterina,2023-08-06,US-CA,950,278,,
Moths,Emperor Moths,Polyphemus Moth,Antheraea polyphemus,#N/A,,925,451,5,
Moths,Sphinx Moths,Achemon Sphinx,Eumorpha achemon,#N/A,,820,303,8,
Moths,Sphinx Moths,Rocky Mountain Clearwing,Hemaris thetis,2024-06-06,US-CA,682,113,,
Moths,Sphinx Moths,Pacific Green Sphinx,Proserpinus lucidus,#N/A,,609,109,1,
Moths,Sphinginae,Elegant Sphinx,Sphinx perelegans,#N/A,,594,68,7,
Moths,Sphinginae,Rustic Sphinx,Manduca rustica,2025-01-02,CR-H,326,1,,
Moths,Sphinginae,Great Ash Sphinx,Sphinx chersis,#N/A,,281,45,,
Moths,Buck & Io Moths,Pandora Pinemoth,Coloradia pandora,#N/A,,236,4,,
Moths,Sphinginae,Five-spotted Hawk Moth,Manduca quinquemaculatus,#N/A,,228,4,,
Moths,Sphinx Moths,Clark's Sphinx,Proserpinus clarkiae,2025-04-18,US-CA,220,81,,
Moths,Smerinthinae,Western Poplar Sphinx,Pachysphinx occidentalis,#N/A,,219,15,,
Moths,Buck & Io Moths,Electra Buckmoth,Hemileuca electra,#N/A,,177,0,,
Moths,Sphinginae,Vashti Sphinx,Sphinx vashti,#N/A,,136,0,,
Moths,Sphinginae,Pink-spotted Hawkmoth,Agrius cingulata,#N/A,,126,0,,
Moths,Buck & Io Moths,Nevada Buck Moth,Hemileuca nevadensis,#N/A,,110,0,,
Moths,Sphinx Moths,Ello Sphinx,Erinnyis ello,#N/A,,88,0,,
Moths,Sphinginae,Sequoia Sphinx,Sphinx sequoiae,#N/A,,76,2,,
Moths,Sphinx Moths,Phaeton Primrose Sphinx,Euproserpinus phaeton,#N/A,,75,0,,
Moths,Sphinginae,Giant Sphinx,Cocytius antaeus,#N/A,,74,0,,
Moths,Buck & Io Moths,Hemileuca burnsi,Hemileuca burnsi,#N/A,,73,0,,
Moths,Emperor Moths,Glover's Silkmoth,Hyalophora gloveri,#N/A,,70,0,,
Moths,Buck & Io Moths,Sagebrush Sheep Moth,Hemileuca hera,#N/A,,59,0,,
Moths,Sphinx Moths,Eurasian Hummingbird Hawkmoth,Macroglossum stellatarum,2023-08-30,PT-15,57,33,,
Moths,Buck & Io Moths,Nuttall's Sheep Moth,Hemileuca nuttalli,#N/A,,45,0,,
Moths,Emperor Moths,Mendocino Silk Moth,Calosaturnia mendocino,#N/A,,23,9,,
Moths,Sphinginae,Wild Cherry Sphinx,Sphinx drupiferarum,#N/A,,23,0,,
Moths,Sphinx Moths,Obscure Sphinx,Erinnyis obscura,#N/A,,22,0,,
Moths,Buck & Io Moths,Velda Pine Moth,Coloradia velda,#N/A,,18,0,,
Moths,Sphinx Moths,Kern Primrose Sphinx,Euproserpinus euterpe,#N/A,,15,0,,
Moths,Smerinthinae,Blinded Sphinx,Paonias excaecata,#N/A,,13,4,,
Moths,Smerinthinae,Small-eyed Sphinx,Paonias myops,#N/A,,13,0,,
Moths,Emperor Moths,Walter's Silkmoth,Saturnia walterorum,#N/A,,10,0,,
Salamanders,Newts,California Newt,Taricha torosa,2024-02-11,US-CA,"24,794","20,914",,
Salamanders,Lungless Salamanders,California Slender Salamander,Batrachoseps attenuatus,2024-12-22,US-CA,"18,889","15,663",,
Salamanders,Lungless Salamanders,Ensatina,Ensatina eschscholtzii,2024-12-22,US-CA,"12,374","5,888",,
Salamanders,Lungless Salamanders,Arboreal Salamander,Aneides lugubris,2024-12-23,US-CA,"6,768","5,767",,
Salamanders,Newts,Rough-skinned Newt,Taricha granulosa,2023-10-23,US-CA,"5,415","4,183",,
Salamanders,Lungless Salamanders,Black-bellied Slender Salamander,Batrachoseps nigriventris,#N/A,,"3,362",0,,South Coast hills
Salamanders,Mole Salamanders,California Giant Salamander,Dicamptodon ensatus,2025-10-12,US-CA,"2,253","2,203",,
Salamanders,Lungless Salamanders,Southern California Slender Salamander,Batrachoseps major,#N/A,,"2,108",0,,
Salamanders,Mole Salamanders,Coastal Giant Salamander,Dicamptodon tenebrosus,#N/A,,"2,040",0,,
Salamanders,Newts,Sierra Newt,Taricha sierrae,#N/A,,"1,658",1,,Western slope of Sierras
Salamanders,Newts,Red-bellied Newt,Taricha rivularis,#N/A,,"1,339","1,120",3,
Salamanders,Mole Salamanders,Northwestern Salamander,Ambystoma gracile,#N/A,,893,7,,
Salamanders,Lungless Salamanders,Wandering Salamander,Aneides vagrans,#N/A,,836,9,,
Salamanders,Mole Salamanders,California Tiger Salamander,Ambystoma californiense,2026-04-18,US-CA,685,486,4,
Salamanders,Lungless Salamanders,Speckled Black Salamander,Aneides flavipunctatus,#N/A,,541,187,2,
Salamanders,Lungless Salamanders,Gabilan Mountains Slender Salamander,Batrachoseps gavilanensis,#N/A,,508,102,3,
Salamanders,Lungless Salamanders,Del Norte Salamander,Plethodon elongatus,#N/A,,474,0,,
Salamanders,Lungless Salamanders,Santa Lucia Mountains Slender Salamander,Batrachoseps luciae,#N/A,,449,0,,
Salamanders,Mole Salamanders,Long-toed Salamander,Ambystoma macrodactylum,#N/A,,424,118,5,
Salamanders,Torrent Salamanders,Southern Torrent Salamander,Rhyacotriton variegatus,#N/A,,344,0,,
Salamanders,Lungless Salamanders,Santa Cruz Black Salamander,Aneides niger,#N/A,,274,226,12,
Salamanders,Lungless Salamanders,Klamath Black Salamander,Aneides klamathensis,#N/A,,222,0,,
Salamanders,Lungless Salamanders,Gregarious Slender Salamander,Batrachoseps gregarius,#N/A,,157,0,,
Salamanders,Lungless Salamanders,Samwel Shasta Salamander,Hydromantes samweli,#N/A,,101,0,,
Salamanders,Lungless Salamanders,Channel Islands Slender Salamander,Batrachoseps pacificus,#N/A,,70,0,,
Salamanders,Lungless Salamanders,Mount Lyell Salamander,Hydromantes platycephalus,#N/A,,64,0,,
Salamanders,Lungless Salamanders,San Gabriel Slender Salamander,Batrachoseps gabrieli,#N/A,,53,0,,
Salamanders,Lungless Salamanders,Shasta Black Salamander,Aneides iecanus,#N/A,,45,0,,
Salamanders,Lungless Salamanders,Scott Bar Salamander,Plethodon asupak,#N/A,,40,0,,
Salamanders,Lungless Salamanders,Limestone Salamander,Hydromantes brunus,#N/A,,39,0,,
Salamanders,Mole Salamanders,Western Tiger Salamander,Ambystoma mavortium,2025-08-01,US-CO,36,1,,
Salamanders,Lungless Salamanders,Siskiyou Mountains Salamander,Plethodon stormi,#N/A,,32,0,,
Salamanders,Lungless Salamanders,Dunn's Salamander,Plethodon dunni,#N/A,,30,0,,
Salamanders,Lungless Salamanders,Hell Hollow Slender Salamander,Batrachoseps diabolicus,#N/A,,28,0,,
Salamanders,Lungless Salamanders,Lesser Slender Salamander,Batrachoseps minor,#N/A,,26,0,,
Salamanders,Lungless Salamanders,Clouded Salamander,Aneides ferreus,#N/A,,26,0,,
Salamanders,Lungless Salamanders,San Simeon Slender Salamander,Batrachoseps incognitus,#N/A,,25,0,,
Salamanders,Lungless Salamanders,Tehachapi Slender Salamander,Batrachoseps stebbinsi,#N/A,,18,0,,
Salamanders,Lungless Salamanders,Greenhorn Mountains Slender Salamander,Batrachoseps altasierrae,#N/A,,18,0,,
Salamanders,Lungless Salamanders,Inyo Mountains Salamander,Batrachoseps campi,#N/A,,17,0,,
Salamanders,Lungless Salamanders,Shasta Salamander,Hydromantes shastae,#N/A,,17,0,,
Salamanders,Lungless Salamanders,Fairview Slender Salamander,Batrachoseps bramei,#N/A,,13,0,,
Salamanders,Lungless Salamanders,Kern Plateau Slender Salamander,Batrachoseps robustus,#N/A,,10,0,,
Nudibranchs,Myrrhinidae,Opalescent Nudibranch,Hermissenda opalescens,2024-08-22,US-CA,"9,904","4,237",,
Nudibranchs,Polyceridae,Spotted Dorid,Triopha maculata,2024-08-22,US-CA,"5,938","3,174",,
Nudibranchs,Goniodorididae,Hopkins' Rose Nudibranch,Ceratodoris rosacea,2024-08-22,US-CA,"5,008","1,712",,
Nudibranchs,Discodorididae,San Diego Dorid,Diaulula sandiegensis,2025-05-30,US-CA,"4,655","2,228",,
Nudibranchs,Dorididae,Monterey Dorid,Doris montereyensis,2024-09-19,US-CA,"4,133","2,633",,
Nudibranchs,Coryphellidae,Three-lined Aeolid,Coryphella trilineata,2024-10-17,US-CA,"3,243","1,446",,
Nudibranchs,Discodorididae,Noble Dorid,Peltodoris nobilis,2026-03-16,US-CA,"3,007","1,385",,
Nudibranchs,Aglajidae,California Aglaja,Navanax inermis,2025-11-27,US-CA,"2,871",7,,
Nudibranchs,Facelinidae,Hilton's Aeolid,Phidiana hiltoni,2024-10-17,US-CA,"2,786","2,338",,
Nudibranchs,Discodorididae,Red Sponge Dorid,Rostanga pulchra,2025-05-30,US-CA,"2,504","1,084",,
Nudibranchs,Polyceridae,Clown Dorid,Triopha catalinae,2024-09-19,US-CA,"2,444","1,408",,
Nudibranchs,Flabellinopsidae,Spanish Shawl,Flabellinopsis iodinea,#N/A,,"2,381",69,11,
Nudibranchs,Dendrodorididae,White-spotted Sea Goddess,Doriopsilla albopunctata,#N/A,,"2,289",459,6,
Nudibranchs,Aegiridae,Salt-and-pepper Doris,Aegires albopunctatus,#N/A,,"2,038",341,6,
Nudibranchs,Dendrodorididae,White-speckled Dorid,Doriopsilla fulva,#N/A,,"1,974","1,041",6,
Nudibranchs,Polyceridae,McDonald's Dorid,Limacia mcdonaldi,#N/A,,"1,965",316,6,
Nudibranchs,Dendronotidae,Branched Dendronotid,Dendronotus venustus,2024-08-22,US-CA,"1,907",536,,
Nudibranchs,Polyceridae,Sorcerer's Dorid,Polycera atra,#N/A,,"1,749",325,10,
Nudibranchs,Dironidae,Colorful Dirona,Dirona picta,#N/A,,"1,716",739,6,
Nudibranchs,Dendronotidae,Stubby Dendronotid,Dendronotus subramosus,2024-08-22,US-CA,"1,472","1,145",,
Nudibranchs,Aeolidiidae,Warty Shag-rug Nudibranch,Aeolidia loui,2024-10-17,US-CA,"1,340",873,,
Nudibranchs,Aeolidiidae,Olive's Aeolid,Anteaeolidiella oliviae,2026-02-01,US-CA,"1,253",394,,
Nudibranchs,Discodorididae,Heath's Dorid,Geitodoris heathi,2026-03-16,US-CA,"1,249",842,,
Nudibranchs,Onchidorididae,Black and White Dorid,Acanthodoris rhodoceras,#N/A,,"1,214",887,6,
Nudibranchs,Dotidae,Hammerhead Doto,Doto amyra,2024-08-22,US-CA,"1,207","1,034",,
Nudibranchs,Cadlinidae,Modest Cadlina,Cadlina modesta,#N/A,,"1,106",889,6,
Nudibranchs,Onchidorididae,Sandalwood Dorid,Acanthodoris lutea,#N/A,,"1,042",905,12,
Nudibranchs,Polyceridae,Cockerell's Dorid,Limacia cockerelli,2024-09-19,US-CA,"1,038",707,,
Nudibranchs,Cadlinidae,Yellow-spotted Cadlina,Cadlina flavomaculata,#N/A,,"1,017",48,,LA/SD
Nudibranchs,Janolidae,Cockscomb Nudibranch,Antiopella barbarensis,#N/A,,981,55,10,
Nudibranchs,Myrrhinidae,Horned Nudibranch,Hermissenda crassicornis,#N/A,,908,340,6,
Nudibranchs,Dendrodorididae,Yellow-gilled Sea Goddess,Doriopsilla gemela,#N/A,,867,0,,
Nudibranchs,Eubranchidae,Homely Aeolid,Eubranchus rustyus,#N/A,,745,270,6,
Nudibranchs,Trinchesiidae,Laguna Beach Aeolid,Tenellia lagunae,2026-02-01,US-CA,722,527,,
Nudibranchs,Bullidae,Cloudy Bubble Snail,Bulla gouldiana,#N/A,,711,1,,
Nudibranchs,Goniodorididae,Ancula pacifica,Ancula pacifica,#N/A,,619,218,6,
Nudibranchs,Tethydidae,Hooded Nudibranch,Melibe leonina,#N/A,,616,22,,
Nudibranchs,Tritoniidae,Festive Tritonid,Tritonia festiva,#N/A,,594,147,6,
Nudibranchs,Chromodorids,California Chromodorid,Felimare californiensis,#N/A,,592,0,,
Nudibranchs,Trinchesiidae,White-crusted Aeolid,Trinchesia albocrusta,#N/A,,560,158,6,
Nudibranchs,Abronicidae,Elegant Aeolid,Abronica abronia,#N/A,,532,449,6,
Nudibranchs,Haminoeidae,Green Bubble Snail,Haminoea virescens,#N/A,,514,2,,
Nudibranchs,Dotidae,British Columbia Doto,Doto columbiana,#N/A,,492,351,6,
Nudibranchs,Discodorididae,Two-spotted Dorid,Thordisa bimaculata,#N/A,,491,1,,
Nudibranchs,Dendronotidae,White Dendronotus,Dendronotus albus,#N/A,,488,233,6,
Nudibranchs,Corambidae,Pacific Corambe,Corambe pacifica,#N/A,,486,46,,
Nudibranchs,Onchidorididae,Ridge-tailed Dorid,Diaphorodoris lirulatocauda,#N/A,,482,283,7,
Nudibranchs,Facelinidae,Stearns' Aeolid,Austraeolis stearnsi,#N/A,,453,1,,
Nudibranchs,Aeolidiidae,Colorful Aeolid,Anteaeolidiella chromosoma,#N/A,,450,2,,
Nudibranchs,Cadlinidae,Yellow-edged Cadlina,Cadlina luteomarginata,#N/A,,442,150,12,
Nudibranchs,Onchidorididae,Nanaimo Dorid,Acanthodoris nanaimoensis,2025-05-30,US-CA,436,214,,
Nudibranchs,Chromodorids,MacFarland's Chromodorid,Felimida macfarlandi,#N/A,,430,0,,
Nudibranchs,Chromodorids,Porter's Chromodorid,Felimare porterae,#N/A,,414,0,,
Nudibranchs,Cadlinidae,Dark-spot Cadlina,Cadlina sparsa,#N/A,,411,43,,
Nudibranchs,Polyceridae,Hedgpeth's Dorid,Polycera hedgpethi,2024-08-27,US-CA,404,194,,
Nudibranchs,Babakinid Aeolids,Baba's Festive Aeolid,Babakina festiva,#N/A,,393,82,6,
Nudibranchs,Dotidae,Seal Doto,Doto kya,#N/A,,378,133,6,
Nudibranchs,Dendronotidae,Giant Nudibranch,Dendronotus iris,#N/A,,361,27,,
Nudibranchs,Trinchesiidae,Yellowhead Aeolid,Diaphoreolis flavovulta,2024-09-19,US-CA,339,217,,
Nudibranchs,Goniodorididae,Los Angeles Goniodorid,Bermudella angelensis,#N/A,,310,25,,
Nudibranchs,Cadlinidae,Red Aldisa,Aldisa sanguinea,#N/A,,304,43,,
Nudibranchs,Cuthonidae,Rose-pink Cuthona,Cuthona divae,#N/A,,298,190,5,
Nudibranchs,Haminoeidae,Japanese Bubble Snail,Haloa japonica,2024-09-12,US-CA,284,279,,
Nudibranchs,Trinchesiidae,Shiny Aeolid,Zelentia fulgens,#N/A,,277,233,6,
Nudibranchs,Apataidae,Price's Aeolid,Apata pricei,#N/A,,264,32,,
Nudibranchs,Dironidae,White-lined Dirona,Dirona albolineata,#N/A,,246,13,,
Nudibranchs,Eubranchidae,Green Balloon Aeolid,Eubranchus olivaceus,#N/A,,241,47,,
Nudibranchs,Coryphellidae,Cooper's Aeolid,Coryphella cooperi,#N/A,,234,37,,
Nudibranchs,Corambidae,Steinberg's Corambe,Corambe steinbergae,#N/A,,227,30,,
Nudibranchs,Onchidorididae,Hudson's Horned Dorid,Acanthodoris hudsoni,#N/A,,192,32,,
Nudibranchs,Arminidae,Striped Nudibranch,Armina californica,#N/A,,190,1,,
Nudibranchs,Actinocyclidae,Chan's Dorid,Hallaxa chani,#N/A,,181,139,7,
Nudibranchs,Haminoeidae,Blister Glassy-Bubble,Haminoea vesicula,#N/A,,179,6,,
Nudibranchs,Janolidae,White-and-orange-tipped Nudibranch,Antiopella fusca,#N/A,,173,52,8,Coleman Beach (north of Bodega Bay)
Nudibranchs,Hancockiidae,Hancock's Nudibranch,Hancockia californica,#N/A,,166,65,7,
Nudibranchs,Discodorididae,Northern Leopard Dorid,Diaulula odonoghuei,#N/A,,162,24,,
Nudibranchs,Discodorididae,Mimic Dorid,Baptodoris mimetica,#N/A,,155,6,,
Nudibranchs,Goniodorididae,Freckled Ancula,Ancula lentiginosa,#N/A,,148,10,,
Nudibranchs,Dendrodorididae,Doriopsilla rowena,Doriopsilla rowena,#N/A,,130,0,,
Nudibranchs,Tritoniidae,Keen's Tritonid,Tritonicula myrakeenae,#N/A,,126,0,,
Nudibranchs,Polyceridae,Three-color Polycera,Polycera tricolor,#N/A,,106,0,,
Nudibranchs,Trinchesiidae,Catriona spadix,Catriona spadix,#N/A,,104,35,,
Nudibranchs,Cadlinidae,Limbaugh's Cadlina,Cadlina limbaughorum,#N/A,,97,0,,
Nudibranchs,Dorididae,White Smooth-horn Dorid,Conualevia alba,#N/A,,96,0,,
Nudibranchs,Diaphanidae,California Diaphana,Diaphana californica,#N/A,,90,18,,
Nudibranchs,Discodorididae,Hunchback Doris,Atagema alba,#N/A,,78,0,,
Nudibranchs,Facelinidae,Morro Bay Aeolid,Emarcusia morroensis,#N/A,,78,41,,
Nudibranchs,Cuthonidae,Phoenix Aeolid,Cuthona phoenix,#N/A,,76,5,,
Nudibranchs,Dorididae,Odhner's Dorid,Doris odhneri,#N/A,,70,7,,
Nudibranchs,Dotidae,Lance's Doto,Doto lancei,#N/A,,70,0,,
Nudibranchs,Fionidae,Feather Aeolid,Fiona pinnata,#N/A,,63,1,,
Nudibranchs,Okadaiidae,Vayssierea felis,Vayssierea felis,#N/A,,62,0,,
Nudibranchs,Polyceridae,Rabbit Dorid,Crimora coneja,#N/A,,61,20,,
Nudibranchs,Goniodorididae,Flat Goniodorid,Ceratodoris plana,#N/A,,54,54,10,
Nudibranchs,Onchidorididae,Janna's Dorid,Atalodoris jannae,#N/A,,52,35,,
Nudibranchs,Cuthonellidae,Chocolate Aeolid,Cuthonella cocoachroma,#N/A,,51,37,,
Nudibranchs,Tritoniidae,Pink Tritonid,Tritonia exsulans,#N/A,,48,0,,
Nudibranchs,Eubranchidae,Misaki Aeolid,Leostyletus misakiensis,#N/A,,46,46,,
Nudibranchs,Onchidorididae,Fuzzy Onchidoris,Onchidoris muricata,#N/A,,43,5,,
Nudibranchs,Dorididae,Tanya's Dorid,Doris tanya,#N/A,,41,0,,
Nudibranchs,Onchidorididae,Barnacle-eating Dorid,Onchidoris bilamellata,#N/A,,41,9,,
Nudibranchs,Facelinidae,Enosima Aeolid,Sakuraeolis enosimensis,#N/A,,40,40,,
Nudibranchs,Discodorididae,Leopard Dorid,Jorunna pardus,#N/A,,36,0,,
Nudibranchs,Polyceridae,Gland Dorid,Polycerella glandulosa,#N/A,,36,0,,
Nudibranchs,Cuthonidae,Hamann's Aeolid,Cuthona hamanni,#N/A,,35,0,,
Nudibranchs,Dendrodorididae,Black-spotted Dorid,Dendrodoris nigromaculata,#N/A,,35,0,,
Nudibranchs,Goniodorididae,Swift Trapania,Trapania velox,#N/A,,35,2,,
Nudibranchs,Aeolidiidae,Shag-rug Nudibranch,Aeolidia papillosa,#N/A,,30,8,,
Nudibranchs,Janolidae,Annulated Nudibranch,Janolus anulatus,#N/A,,29,0,,
Nudibranchs,Unidentiidae,Goddard's Aeolid,Pacifia goddardi,#N/A,,28,0,,
Nudibranchs,Facelinidae,Red-Headed Aeolid,Noumeaella rubrofasciata,#N/A,,26,0,,
Nudibranchs,Goniodorididae,Humped Ancula Sea Slug,Ancula gibbosa,#N/A,,25,2,,
Nudibranchs,Cuthonidae,Lost Cuthona,Cuthona perca,#N/A,,21,21,,
Nudibranchs,Dendrodorididae,Spalding's Dorid,Doriopsilla spaldingi,#N/A,,21,0,,
Nudibranchs,Aeolidiidae,Cerberilla pungoarena,Cerberilla pungoarena,#N/A,,20,0,,
Nudibranchs,Flabellinidae,Bertsch's Aeolid,Edmundsella bertschi,#N/A,,18,0,,
Nudibranchs,Dendrodorididae,Azine's Dorid,Dendrodoris azineae,#N/A,,17,0,,
Nudibranchs,Tornatinidae,Acteocina inculta,Acteocina inculta,#N/A,,16,0,,
Nudibranchs,Discodorididae,Mulliner's Dorid,Peltodoris mullineri,#N/A,,14,0,,
Nudibranchs,Onchidorididae,Brown Horned Dorid,Acanthodoris brunnea,#N/A,,13,0,,
Nudibranchs,Dorididae,Picken's Dorid,Doris pickensi,#N/A,,12,0,,
Nudibranchs,Aeolidiidae,Moss Landing Aeolid,Cerberilla mosslandica,#N/A,,11,4,,
Nudibranchs,Aglajidae,Spotted Aglaja,Aglaja ocelligera,#N/A,,11,1,,
Nudibranchs,Polyceridae,Modest Clown Dorid,Triopha modesta,#N/A,,11,0,,
Nudibranchs,Aglajidae,Navanax polyalphos,Navanax polyalphos,#N/A,,10,0,,
Nudibranchs,Discodorididae,Sonora Dorid,Taringa aivica,#N/A,,10,0,,
Birds,Water & Shorebirds,Ancient Murrelet,Ancient Murrelet,#N/A,,207,38,,
Birds,Raptors,Spotted Owl,Strix occidentalis,#N/A,,676,319,,
Birds,Water & Shorebirds,Yellow-footed Gull,Larus livens,#N/A,,253,0,,
Birds,Passerines,Gray-crowned Rosy-Finch,Leucosticte tephrocotis,#N/A,,377,0,,
Birds,Raptors,American Goshawk,Astur atricapillus,#N/A,,166,0,,
Snakes,Colubrid Snakes,Gopher Snake,Pituophis catenifer,2023-06-12,US-CA,"25,870","9,368",,
Snakes,Vipers,Western Rattlesnake,Crotalus oreganus,2023-09-13,US-CA,"18,499","4,287",,
Snakes,Colubrid Snakes,California King Snake,Lampropeltis californiae,#N/A,,"8,423","2,468",5,
Snakes,Colubrid Snakes,Western Terrestrial Garter Snake,Thamnophis elegans,2023-11-11,US-CA,"6,093","3,957",,
Snakes,Colubrid Snakes,Ring-necked Snake,Diadophis punctatus,2024-08-13,US-CA,"4,728","2,630",,
Snakes,Colubrid Snakes,Common Garter Snake,Thamnophis sirtalis,#N/A,,"3,493","1,247",4,
Snakes,Colubrid Snakes,Striped Racer,Masticophis lateralis,2024-08-13,US-CA,"3,402",285,,
Snakes,Vipers,Red Diamond Rattlesnake,Crotalus ruber,#N/A,,"3,273",0,,South Coast hills (south of LA)
Snakes,Colubrid Snakes,Sharp-tailed Snake,Contia tenuis,#N/A,,"2,475","1,605",4,
Snakes,Colubrid Snakes,Aquatic Garter Snake,Thamnophis atratus,2024-08-13,US-CA,"2,460","1,817",,
Snakes,Vipers,Southwestern Speckled Rattlesnake,Crotalus pyrrhus,#N/A,,"2,084",0,,
Snakes,Colubrid Snakes,Coachwhip,Masticophis flagellum,2022-04-30,US-TX,"1,952",0,,
Snakes,Colubrid Snakes,North American Racer,Coluber constrictor,2024-06-17,US-CA,"1,894","1,163",,
Snakes,Vipers,Sidewinder,Crotalus cerastes,#N/A,,"1,864",0,,
Snakes,Boas,Coastal Rosy Boa,Lichanura orcutti,#N/A,,"1,854",0,,
Snakes,Colubrid Snakes,Two-striped Garter Snake,Thamnophis hammondii,#N/A,,"1,796",0,,Hills near LA
Snakes,Boas,Northern Rubber Boa,Charina bottae,2024-07-07,US-CA,"1,461",636,,
Snakes,Colubrid Snakes,Glossy Snake,Arizona elegans,#N/A,,"1,105",15,,Anza Borego/J Tree
Snakes,Colubrid Snakes,Coast Night Snake,Hypsiglena ochrorhynchus,#N/A,,997,121,5,
Snakes,Colubrid Snakes,Sierra Garter Snake,Thamnophis couchii,2024-09-20,US-CA,854,0,,
Snakes,Colubrid Snakes,Western Patch-nosed Snake,Salvadora hexalepis,#N/A,,849,0,,
Snakes,Colubrid Snakes,Coast Mountain Kingsnake,Lampropeltis multifasciata,#N/A,,789,0,,
Snakes,Colubrid Snakes,Long-nosed Snake,Rhinocheilus lecontei,#N/A,,758,22,,
Snakes,Vipers,Mojave Rattlesnake,Crotalus scutulatus,#N/A,,736,0,,
Snakes,Colubrid Snakes,California Mountain Kingsnake,Lampropeltis zonata,#N/A,,580,176,5,
Snakes,Colubrid Snakes,Western Leaf-nosed Snake,Phyllorhynchus decurtatus,#N/A,,562,0,,
Snakes,Colubrid Snakes,Mojave Shovelnose Snake,Sonora occipitalis,#N/A,,484,0,,
Snakes,Colubrid Snakes,California Lyresnake,Trimorphodon lyrophanes,#N/A,,400,0,,
Snakes,Colubrid Snakes,Resplendent Desert Shovel-nosed Snake,Sonora annulata,#N/A,,377,0,,
Snakes,Threadsnakes,Western Threadsnake,Rena humilis,#N/A,,367,0,,
Snakes,Vipers,Panamint Rattlesnake,Crotalus stephensi,#N/A,,324,0,,
Snakes,Colubrid Snakes,Western Black-headed Snake,Tantilla planiceps,#N/A,,316,25,,
Snakes,Colubrid Snakes,Forest Sharp-tailed Snake,Contia longicaudae,#N/A,,313,285,6,Mountains north of Santa Cruz
Snakes,Typical Blind Snakes,Brahminy Blindsnake,Indotyphlops braminus,#N/A,,285,0,,
Snakes,Colubrid Snakes,Desert Nightsnake,Hypsiglena chlorophaea,#N/A,,205,0,,
Snakes,Vipers,Western Diamond-backed Rattlesnake,Crotalus atrox,2022-05-01,US-TX,161,0,,
Snakes,Colubrid Snakes,Northwestern Garter Snake,Thamnophis ordinoides,#N/A,,93,0,,
Snakes,Colubrid Snakes,Baja California Coachwhip,Masticophis fuliginosus,#N/A,,72,0,,
Snakes,Colubrid Snakes,Striped Whipsnake,Masticophis taeniatus,#N/A,,67,0,,
Snakes,Boas,Southern Rubber Boa,Charina umbratica,#N/A,,44,0,,
Snakes,Colubrid Snakes,Giant Garter Snake,Thamnophis gigas,#N/A,,43,29,,
Snakes,Colubrid Snakes,Ground Snake,Sonora semiannulata,#N/A,,43,0,,
Snakes,Colubrid Snakes,Southwestern Blackhead Snake,Tantilla hobartsmithi,#N/A,,31,0,,
Snakes,Colubrid Snakes,Banded Watersnake,Nerodia fasciata,#N/A,,19,0,,
Snakes,Colubrid Snakes,Checkered Garter Snake,Thamnophis marcianus,#N/A,,12,0,,
Turles & Tortoises,Pond & Box Turtles,Pond Slider,Trachemys scripta,2023-09-11,US-CA,"15,628","5,612",,
Turles & Tortoises,Pond & Box Turtles,Western Pond Turtle,Actinemys marmorata,2023-09-24,US-CA,"5,827","3,342",,
Turles & Tortoises,Tortoises,Mojave Desert Tortoise,Gopherus agassizii,#N/A,,"1,702",0,,"Hills near LA, SLO"
Turles & Tortoises,Softshell & Flapshell Turtles,Spiny Softshell,Apalone spinifera,#N/A,,642,96,3,
Turles & Tortoises,Typical Sea Turtles,Green Sea Turtle,Chelonia mydas,2025-04-04,US-HI,271,2,,
Turles & Tortoises,Softshell & Flapshell Turtles,Florida Softshell Turtle,Apalone ferox,#N/A,,110,6,,
Turles & Tortoises,Snapping Turtles,Common Snapping Turtle,Chelydra serpentina,#N/A,,68,20,,
Turles & Tortoises,Pond & Box Turtles,False Map Turtle,Graptemys pseudogeographica,#N/A,,59,10,,
Turles & Tortoises,Pond & Box Turtles,Painted Turtle,Chrysemys picta,2024-06-22,US-RI,58,32,,
Turles & Tortoises,Pond & Box Turtles,River Cooter,Pseudemys concinna,2024-07-03,US-GA,54,29,,
Turles & Tortoises,Pond & Box Turtles,Florida Redbelly Turtle,Pseudemys nelsoni,#N/A,,46,20,,
Turles & Tortoises,Pond & Box Turtles,Ouachita Map Turtle,Graptemys ouachitensis,#N/A,,42,11,,
Turles & Tortoises,Leatherback Sea Turtles,Leatherback Sea Turtle,Dermochelys coriacea,#N/A,,27,25,,
Turles & Tortoises,Pond & Box Turtles,Peninsular Cooter,Pseudemys peninsularis,#N/A,,17,0,,
Turles & Tortoises,Pond & Box Turtles,Three-toed Box Turtle,Terrapene triunguis,#N/A,,14,4,,
Turles & Tortoises,Typical Sea Turtles,Olive Ridley Sea Turtle,Lepidochelys olivacea,#N/A,,13,9,,